Handle,Title,Body (HTML),Vendor,Product Category,Type,Tags,Published,Option1 Name,Option1 Value,Option2 Name,Option2 Value,Option3 Name,Option3 Value,Variant SKU,Variant Grams,Variant Inventory Tracker,Variant Inventory Qty,Variant Inventory Policy,Variant Fulfillment Service,Variant Price,Variant Compare At Price,Variant Requires Shipping,Variant Taxable,Variant Barcode,Image Src,Image Position,Image Alt Text,Gift Card,SEO Title,SEO Description,Status
maroon-heritage-tunic-short-kurti-sd991_t,Maroon Heritage Tunic Short Kurti,"<p>Crimson-maroon short tunic kurti detailed with classic block-print motifs and gather pleats at the waist. Beautiful, comfortable, and durable.</p> <ul> <li><strong>Fabric / Material:</strong> Premium Cotton Slub</li> <li><strong>Artisan Craft:</strong> Block Print</li> <li><strong>Occasion:</strong> Daily Wear</li> <li><strong>Care Instructions:</strong> Gentle hand wash separately in cold water with mild liquid detergent. Line dry in shade.</li> <li><strong>Provenance:</strong> Handcrafted in Jaipur, Rajasthan, India</li> </ul>",ShivShankara Clothing,Apparel & Accessories > Clothing,Kurtis & Kurtas,"Jaipur Hand Block Print, Premium Cotton Slub, Block Print, Daily Wear, Kurtis & Kurtas, New In, ShivShankara",TRUE,Size,M,,,,,SD991_T-M,400,shopify,20,deny,manual,799,2999,TRUE,TRUE,,https://kjmjeoaipojzyrxshvzo.supabase.co/storage/v1/object/public/product-images/SD991_T/SD991_T_1.jpg,1,Maroon Heritage Tunic Short Kurti - View 1,FALSE,Maroon Heritage Tunic Short Kurti | ShivShankara Clothing,"Crimson-maroon short tunic kurti detailed with classic block-print motifs and gather pleats at the waist. Beautiful, comfortable, and durable.",active
maroon-heritage-tunic-short-kurti-sd991_t,,,,,,,,Size,L,,,,,SD991_T-L,400,shopify,20,deny,manual,799,2999,TRUE,TRUE,,https://kjmjeoaipojzyrxshvzo.supabase.co/storage/v1/object/public/product-images/SD991_T/SD991_T_2.jpg,2,Maroon Heritage Tunic Short Kurti - View 2,,,,
maroon-heritage-tunic-short-kurti-sd991_t,,,,,,,,Size,XL,,,,,SD991_T-XL,400,shopify,20,deny,manual,799,2999,TRUE,TRUE,,https://kjmjeoaipojzyrxshvzo.supabase.co/storage/v1/object/public/product-images/SD991_T/SD991_T_3.jpg,3,Maroon Heritage Tunic Short Kurti - View 3,,,,
maroon-heritage-tunic-short-kurti-sd991_t,,,,,,,,Size,XXL,,,,,SD991_T-XXL,400,shopify,20,deny,manual,799,2999,TRUE,TRUE,,https://kjmjeoaipojzyrxshvzo.supabase.co/storage/v1/object/public/product-images/SD991_T/SD991_T_4.jpg,4,Maroon Heritage Tunic Short Kurti - View 4,,,,
maroon-heritage-tunic-short-kurti-sd991_t,,,,,,,,,,,,,,,400,shopify,,deny,manual,,,TRUE,TRUE,,https://kjmjeoaipojzyrxshvzo.supabase.co/storage/v1/object/public/product-images/SD991_T/SD991_T_5.jpg,5,Maroon Heritage Tunic Short Kurti - View 5,,,,
maroon-heritage-tunic-short-kurti-sd991_t,,,,,,,,,,,,,,,400,shopify,,deny,manual,,,TRUE,TRUE,,https://kjmjeoaipojzyrxshvzo.supabase.co/storage/v1/object/public/product-images/SD991_T/SD991_T_6.jpg,6,Maroon Heritage Tunic Short Kurti - View 6,,,,
maroon-heritage-tunic-short-kurti-sd991_t,,,,,,,,,,,,,,,400,shopify,,deny,manual,,,TRUE,TRUE,,https://kjmjeoaipojzyrxshvzo.supabase.co/storage/v1/object/public/product-images/SD991_T/SD991_T_7.jpg,7,Maroon Heritage Tunic Short Kurti - View 7,,,,
indigo-geo-flared-short-kurti-sd990_t,Indigo Geo Flared Short Kurti,"<p>Indigo flared short kurti/tunic featuring traditional geometric print block details. Peplum-style waist line provides a flattering silhouette.</p> <ul> <li><strong>Fabric / Material:</strong> 100% Cambric Cotton</li> <li><strong>Artisan Craft:</strong> Geometric Print</li> <li><strong>Occasion:</strong> College Wear / Casual</li> <li><strong>Care Instructions:</strong> Gentle hand wash separately in cold water with mild liquid detergent. Line dry in shade.</li> <li><strong>Provenance:</strong> Handcrafted in Jaipur, Rajasthan, India</li> </ul>",ShivShankara Clothing,Apparel & Accessories > Clothing,Kurtis & Kurtas,"Jaipur Hand Block Print, 100% Cambric Cotton, Geometric Print, College Wear / Casual, Kurtis & Kurtas, New In, ShivShankara",TRUE,Size,M,,,,,SD990_T-M,400,shopify,20,deny,manual,799,2999,TRUE,TRUE,,https://kjmjeoaipojzyrxshvzo.supabase.co/storage/v1/object/public/product-images/SD990_T/SD990_T_1.jpg,1,Indigo Geo Flared Short Kurti - View 1,FALSE,Indigo Geo Flared Short Kurti | ShivShankara Clothing,Indigo flared short kurti/tunic featuring traditional geometric print block details. Peplum-style waist line provides a flattering silhouette.,active
indigo-geo-flared-short-kurti-sd990_t,,,,,,,,Size,L,,,,,SD990_T-L,400,shopify,20,deny,manual,799,2999,TRUE,TRUE,,https://kjmjeoaipojzyrxshvzo.supabase.co/storage/v1/object/public/product-images/SD990_T/SD990_T_2.jpg,2,Indigo Geo Flared Short Kurti - View 2,,,,
indigo-geo-flared-short-kurti-sd990_t,,,,,,,,Size,XL,,,,,SD990_T-XL,400,shopify,20,deny,manual,799,2999,TRUE,TRUE,,https://kjmjeoaipojzyrxshvzo.supabase.co/storage/v1/object/public/product-images/SD990_T/SD990_T_3.jpg,3,Indigo Geo Flared Short Kurti - View 3,,,,
indigo-geo-flared-short-kurti-sd990_t,,,,,,,,Size,XXL,,,,,SD990_T-XXL,400,shopify,20,deny,manual,799,2999,TRUE,TRUE,,https://kjmjeoaipojzyrxshvzo.supabase.co/storage/v1/object/public/product-images/SD990_T/SD990_T_4.jpg,4,Indigo Geo Flared Short Kurti - View 4,,,,
indigo-geo-flared-short-kurti-sd990_t,,,,,,,,,,,,,,,400,shopify,,deny,manual,,,TRUE,TRUE,,https://kjmjeoaipojzyrxshvzo.supabase.co/storage/v1/object/public/product-images/SD990_T/SD990_T_5.jpg,5,Indigo Geo Flared Short Kurti - View 5,,,,
indigo-geo-flared-short-kurti-sd990_t,,,,,,,,,,,,,,,400,shopify,,deny,manual,,,TRUE,TRUE,,https://kjmjeoaipojzyrxshvzo.supabase.co/storage/v1/object/public/product-images/SD990_T/SD990_T_6.jpg,6,Indigo Geo Flared Short Kurti - View 6,,,,
indigo-geo-flared-short-kurti-sd990_t,,,,,,,,,,,,,,,400,shopify,,deny,manual,,,TRUE,TRUE,,https://kjmjeoaipojzyrxshvzo.supabase.co/storage/v1/object/public/product-images/SD990_T/SD990_T_7.jpg,7,Indigo Geo Flared Short Kurti - View 7,,,,
pink-wave-short-kurti-top-sd671_t,Pink Wave Short Kurti Top,"<p>Flirty pink wave and floral print short kurti featuring a V-neckline and 3/4 sleeves. Style it with denims or solid trousers for a casual chic look.</p> <ul> <li><strong>Fabric / Material:</strong> 100% Premium Cotton</li> <li><strong>Artisan Craft:</strong> Waves and Floral Print</li> <li><strong>Occasion:</strong> Daily Wear / Casual</li> <li><strong>Care Instructions:</strong> Gentle hand wash separately in cold water with mild liquid detergent. Line dry in shade.</li> <li><strong>Provenance:</strong> Handcrafted in Jaipur, Rajasthan, India</li> </ul>",ShivShankara Clothing,Apparel & Accessories > Clothing,Kurtis & Kurtas,"Jaipur Hand Block Print, 100% Premium Cotton, Waves and Floral Print, Daily Wear / Casual, Kurtis & Kurtas, New In, ShivShankara",TRUE,Size,M,,,,,SD671_T-M,400,shopify,20,deny,manual,799,2999,TRUE,TRUE,,https://kjmjeoaipojzyrxshvzo.supabase.co/storage/v1/object/public/product-images/SD671_T/SD671_T_1.jpg,1,Pink Wave Short Kurti Top - View 1,FALSE,Pink Wave Short Kurti Top | ShivShankara Clothing,Flirty pink wave and floral print short kurti featuring a V-neckline and 3/4 sleeves. Style it with denims or solid trousers for a casual chic look.,active
pink-wave-short-kurti-top-sd671_t,,,,,,,,Size,L,,,,,SD671_T-L,400,shopify,20,deny,manual,799,2999,TRUE,TRUE,,https://kjmjeoaipojzyrxshvzo.supabase.co/storage/v1/object/public/product-images/SD671_T/SD671_T_2.jpg,2,Pink Wave Short Kurti Top - View 2,,,,
pink-wave-short-kurti-top-sd671_t,,,,,,,,Size,XL,,,,,SD671_T-XL,400,shopify,20,deny,manual,799,2999,TRUE,TRUE,,https://kjmjeoaipojzyrxshvzo.supabase.co/storage/v1/object/public/product-images/SD671_T/SD671_T_3.jpg,3,Pink Wave Short Kurti Top - View 3,,,,
pink-wave-short-kurti-top-sd671_t,,,,,,,,Size,XXL,,,,,SD671_T-XXL,400,shopify,20,deny,manual,799,2999,TRUE,TRUE,,https://kjmjeoaipojzyrxshvzo.supabase.co/storage/v1/object/public/product-images/SD671_T/SD671_T_4.jpg,4,Pink Wave Short Kurti Top - View 4,,,,
pink-wave-short-kurti-top-sd671_t,,,,,,,,,,,,,,,400,shopify,,deny,manual,,,TRUE,TRUE,,https://kjmjeoaipojzyrxshvzo.supabase.co/storage/v1/object/public/product-images/SD671_T/SD671_T_5.jpg,5,Pink Wave Short Kurti Top - View 5,,,,
pink-wave-short-kurti-top-sd671_t,,,,,,,,,,,,,,,400,shopify,,deny,manual,,,TRUE,TRUE,,https://kjmjeoaipojzyrxshvzo.supabase.co/storage/v1/object/public/product-images/SD671_T/SD671_T_6.jpg,6,Pink Wave Short Kurti Top - View 6,,,,
pink-wave-short-kurti-top-sd671_t,,,,,,,,,,,,,,,400,shopify,,deny,manual,,,TRUE,TRUE,,https://kjmjeoaipojzyrxshvzo.supabase.co/storage/v1/object/public/product-images/SD671_T/SD671_T_7.jpg,7,Pink Wave Short Kurti Top - View 7,,,,
pink-wave-short-kurti-top-sd671_t,,,,,,,,,,,,,,,400,shopify,,deny,manual,,,TRUE,TRUE,,https://kjmjeoaipojzyrxshvzo.supabase.co/storage/v1/object/public/product-images/SD671_T/SD671_T_8.jpg,8,Pink Wave Short Kurti Top - View 8,,,,
pink-wave-short-kurti-top-sd671_t,,,,,,,,,,,,,,,400,shopify,,deny,manual,,,TRUE,TRUE,,https://kjmjeoaipojzyrxshvzo.supabase.co/storage/v1/object/public/product-images/SD671_T/SD671_T_9.jpg,9,Pink Wave Short Kurti Top - View 9,,,,
mustard-zenith-floral-co-ord-set-sd987_s,Mustard Zenith Floral Co-ord Set,"<p>Bright mustard yellow co-ord set styled with delicate floral print motifs. Features a clean, comfortable shirt-pants pair.</p> <ul> <li><strong>Fabric / Material:</strong> 100% Cotton</li> <li><strong>Artisan Craft:</strong> Floral Print</li> <li><strong>Occasion:</strong> Casual Outings</li> <li><strong>Care Instructions:</strong> Gentle hand wash separately in cold water with mild liquid detergent. Line dry in shade.</li> <li><strong>Provenance:</strong> Handcrafted in Jaipur, Rajasthan, India</li> </ul>",ShivShankara Clothing,Apparel & Accessories > Clothing,Co-ord Sets,"Jaipur Hand Block Print, 100% Cotton, Floral Print, Casual Outings, Co-ord Sets, New In, ShivShankara",TRUE,Size,M,,,,,SD987_S-M,400,shopify,20,deny,manual,799,3499,TRUE,TRUE,,https://kjmjeoaipojzyrxshvzo.supabase.co/storage/v1/object/public/product-images/SD987_S/SD987_S_1.jpg,1,Mustard Zenith Floral Co-ord Set - View 1,FALSE,Mustard Zenith Floral Co-ord Set | ShivShankara Clothing,"Bright mustard yellow co-ord set styled with delicate floral print motifs. Features a clean, comfortable shirt-pants pair.",active
mustard-zenith-floral-co-ord-set-sd987_s,,,,,,,,Size,L,,,,,SD987_S-L,400,shopify,20,deny,manual,799,3499,TRUE,TRUE,,https://kjmjeoaipojzyrxshvzo.supabase.co/storage/v1/object/public/product-images/SD987_S/SD987_S_2.jpg,2,Mustard Zenith Floral Co-ord Set - View 2,,,,
mustard-zenith-floral-co-ord-set-sd987_s,,,,,,,,Size,XL,,,,,SD987_S-XL,400,shopify,20,deny,manual,799,3499,TRUE,TRUE,,https://kjmjeoaipojzyrxshvzo.supabase.co/storage/v1/object/public/product-images/SD987_S/SD987_S_3.jpg,3,Mustard Zenith Floral Co-ord Set - View 3,,,,
mustard-zenith-floral-co-ord-set-sd987_s,,,,,,,,Size,XXL,,,,,SD987_S-XXL,400,shopify,20,deny,manual,799,3499,TRUE,TRUE,,https://kjmjeoaipojzyrxshvzo.supabase.co/storage/v1/object/public/product-images/SD987_S/SD987_S_4.jpg,4,Mustard Zenith Floral Co-ord Set - View 4,,,,
mustard-zenith-floral-co-ord-set-sd987_s,,,,,,,,,,,,,,,400,shopify,,deny,manual,,,TRUE,TRUE,,https://kjmjeoaipojzyrxshvzo.supabase.co/storage/v1/object/public/product-images/SD987_S/SD987_S_5.jpg,5,Mustard Zenith Floral Co-ord Set - View 5,,,,
terracotta-oasis-abstract-co-ord-set-sd986_s,Terracotta Oasis Abstract Co-ord Set,"<p>Terracotta red co-ord set printed with modern abstract shapes. Features a button-up shirt and wide-leg trousers. Drapes beautifully.</p> <ul> <li><strong>Fabric / Material:</strong> Soft Rayon Crepe</li> <li><strong>Artisan Craft:</strong> Abstract Print</li> <li><strong>Occasion:</strong> Lounge Wear / Outing</li> <li><strong>Care Instructions:</strong> Gentle hand wash separately in cold water with mild liquid detergent. Line dry in shade.</li> <li><strong>Provenance:</strong> Handcrafted in Jaipur, Rajasthan, India</li> </ul>",ShivShankara Clothing,Apparel & Accessories > Clothing,Co-ord Sets,"Jaipur Hand Block Print, Soft Rayon Crepe, Abstract Print, Lounge Wear / Outing, Co-ord Sets, New In, ShivShankara",TRUE,Size,M,,,,,SD986_S-M,400,shopify,20,deny,manual,799,3499,TRUE,TRUE,,https://kjmjeoaipojzyrxshvzo.supabase.co/storage/v1/object/public/product-images/SD986_S/SD986_S_1.jpg,1,Terracotta Oasis Abstract Co-ord Set - View 1,FALSE,Terracotta Oasis Abstract Co-ord Set | ShivShankara Clothing,Terracotta red co-ord set printed with modern abstract shapes. Features a button-up shirt and wide-leg trousers. Drapes beautifully.,active
terracotta-oasis-abstract-co-ord-set-sd986_s,,,,,,,,Size,L,,,,,SD986_S-L,400,shopify,20,deny,manual,799,3499,TRUE,TRUE,,https://kjmjeoaipojzyrxshvzo.supabase.co/storage/v1/object/public/product-images/SD986_S/SD986_S_2.jpg,2,Terracotta Oasis Abstract Co-ord Set - View 2,,,,
terracotta-oasis-abstract-co-ord-set-sd986_s,,,,,,,,Size,XL,,,,,SD986_S-XL,400,shopify,20,deny,manual,799,3499,TRUE,TRUE,,https://kjmjeoaipojzyrxshvzo.supabase.co/storage/v1/object/public/product-images/SD986_S/SD986_S_3.jpg,3,Terracotta Oasis Abstract Co-ord Set - View 3,,,,
terracotta-oasis-abstract-co-ord-set-sd986_s,,,,,,,,Size,XXL,,,,,SD986_S-XXL,400,shopify,20,deny,manual,799,3499,TRUE,TRUE,,https://kjmjeoaipojzyrxshvzo.supabase.co/storage/v1/object/public/product-images/SD986_S/SD986_S_4.jpg,4,Terracotta Oasis Abstract Co-ord Set - View 4,,,,
terracotta-oasis-abstract-co-ord-set-sd986_s,,,,,,,,,,,,,,,400,shopify,,deny,manual,,,TRUE,TRUE,,https://kjmjeoaipojzyrxshvzo.supabase.co/storage/v1/object/public/product-images/SD986_S/SD986_S_5.jpg,5,Terracotta Oasis Abstract Co-ord Set - View 5,,,,
terracotta-oasis-abstract-co-ord-set-sd986_s,,,,,,,,,,,,,,,400,shopify,,deny,manual,,,TRUE,TRUE,,https://kjmjeoaipojzyrxshvzo.supabase.co/storage/v1/object/public/product-images/SD986_S/SD986_S_6.jpg,6,Terracotta Oasis Abstract Co-ord Set - View 6,,,,
rosewood-whisper-linen-co-ord-set-sd840_s,Rosewood Whisper Linen Co-ord Set,"<p>Airy dusty rose co-ord set featuring a classic notch collar shirt and matching cropped trousers. Premium cotton-linen blend offers superior comfort.</p> <ul> <li><strong>Fabric / Material:</strong> Cotton-Linen Blend</li> <li><strong>Artisan Craft:</strong> Solid</li> <li><strong>Occasion:</strong> Smart Casual / Brunch</li> <li><strong>Care Instructions:</strong> Gentle hand wash separately in cold water with mild liquid detergent. Line dry in shade.</li> <li><strong>Provenance:</strong> Handcrafted in Jaipur, Rajasthan, India</li> </ul>",ShivShankara Clothing,Apparel & Accessories > Clothing,Co-ord Sets,"Jaipur Hand Block Print, Cotton-Linen Blend, Solid, Smart Casual / Brunch, Co-ord Sets, New In, ShivShankara",TRUE,Size,M,,,,,SD840_S-M,400,shopify,20,deny,manual,799,3499,TRUE,TRUE,,https://kjmjeoaipojzyrxshvzo.supabase.co/storage/v1/object/public/product-images/SD840_S/SD840_S_1.jpg,1,Rosewood Whisper Linen Co-ord Set - View 1,FALSE,Rosewood Whisper Linen Co-ord Set | ShivShankara Clothing,Airy dusty rose co-ord set featuring a classic notch collar shirt and matching cropped trousers. Premium cotton-linen blend offers superior comfort.,active
rosewood-whisper-linen-co-ord-set-sd840_s,,,,,,,,Size,L,,,,,SD840_S-L,400,shopify,20,deny,manual,799,3499,TRUE,TRUE,,https://kjmjeoaipojzyrxshvzo.supabase.co/storage/v1/object/public/product-images/SD840_S/SD840_S_2.jpg,2,Rosewood Whisper Linen Co-ord Set - View 2,,,,
rosewood-whisper-linen-co-ord-set-sd840_s,,,,,,,,Size,XL,,,,,SD840_S-XL,400,shopify,20,deny,manual,799,3499,TRUE,TRUE,,https://kjmjeoaipojzyrxshvzo.supabase.co/storage/v1/object/public/product-images/SD840_S/SD840_S_3.jpg,3,Rosewood Whisper Linen Co-ord Set - View 3,,,,
rosewood-whisper-linen-co-ord-set-sd840_s,,,,,,,,Size,XXL,,,,,SD840_S-XXL,400,shopify,20,deny,manual,799,3499,TRUE,TRUE,,https://kjmjeoaipojzyrxshvzo.supabase.co/storage/v1/object/public/product-images/SD840_S/SD840_S_4.jpg,4,Rosewood Whisper Linen Co-ord Set - View 4,,,,
rosewood-whisper-linen-co-ord-set-sd840_s,,,,,,,,,,,,,,,400,shopify,,deny,manual,,,TRUE,TRUE,,https://kjmjeoaipojzyrxshvzo.supabase.co/storage/v1/object/public/product-images/SD840_S/SD840_S_5.jpg,5,Rosewood Whisper Linen Co-ord Set - View 5,,,,
rosewood-whisper-linen-co-ord-set-sd840_s,,,,,,,,,,,,,,,400,shopify,,deny,manual,,,TRUE,TRUE,,https://kjmjeoaipojzyrxshvzo.supabase.co/storage/v1/object/public/product-images/SD840_S/SD840_S_6.jpg,6,Rosewood Whisper Linen Co-ord Set - View 6,,,,
rosewood-whisper-linen-co-ord-set-sd840_s,,,,,,,,,,,,,,,400,shopify,,deny,manual,,,TRUE,TRUE,,https://kjmjeoaipojzyrxshvzo.supabase.co/storage/v1/object/public/product-images/SD840_S/SD840_S_7.jpg,7,Rosewood Whisper Linen Co-ord Set - View 7,,,,
rosewood-whisper-linen-co-ord-set-sd840_s,,,,,,,,,,,,,,,400,shopify,,deny,manual,,,TRUE,TRUE,,https://kjmjeoaipojzyrxshvzo.supabase.co/storage/v1/object/public/product-images/SD840_S/SD840_S_8.jpg,8,Rosewood Whisper Linen Co-ord Set - View 8,,,,
rosewood-whisper-linen-co-ord-set-sd840_s,,,,,,,,,,,,,,,400,shopify,,deny,manual,,,TRUE,TRUE,,https://kjmjeoaipojzyrxshvzo.supabase.co/storage/v1/object/public/product-images/SD840_S/SD840_S_9.jpg,9,Rosewood Whisper Linen Co-ord Set - View 9,,,,
nautical-indigo-stripe-co-ord-set-sd837_s,Nautical Indigo Stripe Co-ord Set,"<p>Navy and indigo striped co-ord set with a button-down tunic top and matching trousers. Clean lines and breathable cotton slub make it a travel favorite.</p> <ul> <li><strong>Fabric / Material:</strong> Premium Cotton Slub</li> <li><strong>Artisan Craft:</strong> Striped</li> <li><strong>Occasion:</strong> Travel / Casual</li> <li><strong>Care Instructions:</strong> Gentle hand wash separately in cold water with mild liquid detergent. Line dry in shade.</li> <li><strong>Provenance:</strong> Handcrafted in Jaipur, Rajasthan, India</li> </ul>",ShivShankara Clothing,Apparel & Accessories > Clothing,Co-ord Sets,"Jaipur Hand Block Print, Premium Cotton Slub, Striped, Travel / Casual, Co-ord Sets, New In, ShivShankara",TRUE,Size,M,,,,,SD837_S-M,400,shopify,20,deny,manual,799,3499,TRUE,TRUE,,https://kjmjeoaipojzyrxshvzo.supabase.co/storage/v1/object/public/product-images/SD837_S/SD837_S_1.jpg,1,Nautical Indigo Stripe Co-ord Set - View 1,FALSE,Nautical Indigo Stripe Co-ord Set | ShivShankara Clothing,Navy and indigo striped co-ord set with a button-down tunic top and matching trousers. Clean lines and breathable cotton slub make it a travel favorite.,active
nautical-indigo-stripe-co-ord-set-sd837_s,,,,,,,,Size,L,,,,,SD837_S-L,400,shopify,20,deny,manual,799,3499,TRUE,TRUE,,https://kjmjeoaipojzyrxshvzo.supabase.co/storage/v1/object/public/product-images/SD837_S/SD837_S_2.jpg,2,Nautical Indigo Stripe Co-ord Set - View 2,,,,
nautical-indigo-stripe-co-ord-set-sd837_s,,,,,,,,Size,XL,,,,,SD837_S-XL,400,shopify,20,deny,manual,799,3499,TRUE,TRUE,,https://kjmjeoaipojzyrxshvzo.supabase.co/storage/v1/object/public/product-images/SD837_S/SD837_S_3.jpg,3,Nautical Indigo Stripe Co-ord Set - View 3,,,,
nautical-indigo-stripe-co-ord-set-sd837_s,,,,,,,,Size,XXL,,,,,SD837_S-XXL,400,shopify,20,deny,manual,799,3499,TRUE,TRUE,,https://kjmjeoaipojzyrxshvzo.supabase.co/storage/v1/object/public/product-images/SD837_S/SD837_S_4.jpg,4,Nautical Indigo Stripe Co-ord Set - View 4,,,,
nautical-indigo-stripe-co-ord-set-sd837_s,,,,,,,,,,,,,,,400,shopify,,deny,manual,,,TRUE,TRUE,,https://kjmjeoaipojzyrxshvzo.supabase.co/storage/v1/object/public/product-images/SD837_S/SD837_S_5.jpg,5,Nautical Indigo Stripe Co-ord Set - View 5,,,,
nautical-indigo-stripe-co-ord-set-sd837_s,,,,,,,,,,,,,,,400,shopify,,deny,manual,,,TRUE,TRUE,,https://kjmjeoaipojzyrxshvzo.supabase.co/storage/v1/object/public/product-images/SD837_S/SD837_S_6.jpg,6,Nautical Indigo Stripe Co-ord Set - View 6,,,,
sage-horizon-cotton-co-ord-set-sd836_s,Sage Horizon Cotton Co-ord Set,"<p>A modern, relaxed-fit shirt-and-trouser co-ord set in a soft sage green. Features a collared button-down front and straight-fit trousers for effortless style.</p> <ul> <li><strong>Fabric / Material:</strong> 100% Organic Cambric Cotton</li> <li><strong>Artisan Craft:</strong> Solid</li> <li><strong>Occasion:</strong> Resort Wear / Casual Chic</li> <li><strong>Care Instructions:</strong> Gentle hand wash separately in cold water with mild liquid detergent. Line dry in shade.</li> <li><strong>Provenance:</strong> Handcrafted in Jaipur, Rajasthan, India</li> </ul>",ShivShankara Clothing,Apparel & Accessories > Clothing,Co-ord Sets,"Jaipur Hand Block Print, 100% Organic Cambric Cotton, Solid, Resort Wear / Casual Chic, Co-ord Sets, New In, ShivShankara",TRUE,Size,M,,,,,SD836_S-M,400,shopify,20,deny,manual,799,3499,TRUE,TRUE,,https://kjmjeoaipojzyrxshvzo.supabase.co/storage/v1/object/public/product-images/SD836_S/SD836_S_1.jpg,1,Sage Horizon Cotton Co-ord Set - View 1,FALSE,Sage Horizon Cotton Co-ord Set | ShivShankara Clothing,"A modern, relaxed-fit shirt-and-trouser co-ord set in a soft sage green. Features a collared button-down front and straight-fit trousers for effortless style.",active
sage-horizon-cotton-co-ord-set-sd836_s,,,,,,,,Size,L,,,,,SD836_S-L,400,shopify,20,deny,manual,799,3499,TRUE,TRUE,,https://kjmjeoaipojzyrxshvzo.supabase.co/storage/v1/object/public/product-images/SD836_S/SD836_S_2.jpg,2,Sage Horizon Cotton Co-ord Set - View 2,,,,
sage-horizon-cotton-co-ord-set-sd836_s,,,,,,,,Size,XL,,,,,SD836_S-XL,400,shopify,20,deny,manual,799,3499,TRUE,TRUE,,https://kjmjeoaipojzyrxshvzo.supabase.co/storage/v1/object/public/product-images/SD836_S/SD836_S_3.jpg,3,Sage Horizon Cotton Co-ord Set - View 3,,,,
sage-horizon-cotton-co-ord-set-sd836_s,,,,,,,,Size,XXL,,,,,SD836_S-XXL,400,shopify,20,deny,manual,799,3499,TRUE,TRUE,,https://kjmjeoaipojzyrxshvzo.supabase.co/storage/v1/object/public/product-images/SD836_S/SD836_S_4.jpg,4,Sage Horizon Cotton Co-ord Set - View 4,,,,
sage-horizon-cotton-co-ord-set-sd836_s,,,,,,,,,,,,,,,400,shopify,,deny,manual,,,TRUE,TRUE,,https://kjmjeoaipojzyrxshvzo.supabase.co/storage/v1/object/public/product-images/SD836_S/SD836_S_5.jpg,5,Sage Horizon Cotton Co-ord Set - View 5,,,,
sage-horizon-cotton-co-ord-set-sd836_s,,,,,,,,,,,,,,,400,shopify,,deny,manual,,,TRUE,TRUE,,https://kjmjeoaipojzyrxshvzo.supabase.co/storage/v1/object/public/product-images/SD836_S/SD836_S_6.jpg,6,Sage Horizon Cotton Co-ord Set - View 6,,,,
ivory-pearl-hand-block-3-piece-set-sd895_kbd,Ivory Pearl Hand-Block 3-Piece Set,"<p>Clean ivory white straight kurti and matching printed pants, complete with a cotton mulmul block-printed dupatta. Features traditional Mughal block print designs.</p> <ul> <li><strong>Fabric / Material:</strong> 100% Organic Cotton</li> <li><strong>Artisan Craft:</strong> Mughal Block Print</li> <li><strong>Occasion:</strong> Festive / Semi-Formal</li> <li><strong>Care Instructions:</strong> Gentle hand wash separately in cold water with mild liquid detergent. Line dry in shade.</li> <li><strong>Provenance:</strong> Handcrafted in Jaipur, Rajasthan, India</li> </ul>",ShivShankara Clothing,Apparel & Accessories > Clothing,Ethnic Sets,"Jaipur Hand Block Print, 100% Organic Cotton, Mughal Block Print, Festive / Semi-Formal, Ethnic Sets, New In, ShivShankara",TRUE,Size,M,,,,,SD895_KBD-M,400,shopify,20,deny,manual,799,3999,TRUE,TRUE,,https://kjmjeoaipojzyrxshvzo.supabase.co/storage/v1/object/public/product-images/SD895_KBD/SD895_KBD_1.jpg,1,Ivory Pearl Hand-Block 3-Piece Set - View 1,FALSE,Ivory Pearl Hand-Block 3-Piece Set | ShivShankara Clothing,"Clean ivory white straight kurti and matching printed pants, complete with a cotton mulmul block-printed dupatta. Features traditional Mughal block print designs.",active
ivory-pearl-hand-block-3-piece-set-sd895_kbd,,,,,,,,Size,L,,,,,SD895_KBD-L,400,shopify,20,deny,manual,799,3999,TRUE,TRUE,,https://kjmjeoaipojzyrxshvzo.supabase.co/storage/v1/object/public/product-images/SD895_KBD/SD895_KBD_2.jpg,2,Ivory Pearl Hand-Block 3-Piece Set - View 2,,,,
ivory-pearl-hand-block-3-piece-set-sd895_kbd,,,,,,,,Size,XL,,,,,SD895_KBD-XL,400,shopify,20,deny,manual,799,3999,TRUE,TRUE,,https://kjmjeoaipojzyrxshvzo.supabase.co/storage/v1/object/public/product-images/SD895_KBD/SD895_KBD_3.jpg,3,Ivory Pearl Hand-Block 3-Piece Set - View 3,,,,
ivory-pearl-hand-block-3-piece-set-sd895_kbd,,,,,,,,Size,XXL,,,,,SD895_KBD-XXL,400,shopify,20,deny,manual,799,3999,TRUE,TRUE,,https://kjmjeoaipojzyrxshvzo.supabase.co/storage/v1/object/public/product-images/SD895_KBD/SD895_KBD_4.jpg,4,Ivory Pearl Hand-Block 3-Piece Set - View 4,,,,
ivory-pearl-hand-block-3-piece-set-sd895_kbd,,,,,,,,,,,,,,,400,shopify,,deny,manual,,,TRUE,TRUE,,https://kjmjeoaipojzyrxshvzo.supabase.co/storage/v1/object/public/product-images/SD895_KBD/SD895_KBD_5.jpg,5,Ivory Pearl Hand-Block 3-Piece Set - View 5,,,,
scarlet-crimson-banarasi-dupatta-3-piece-set-sd889_kbd,Scarlet Crimson Banarasi Dupatta 3-Piece Set,"<p>Rich crimson red kurti set featuring a heavy Banarasi art-silk woven dupatta. Perfect for weddings, festivals, and grand occasions.</p> <ul> <li><strong>Fabric / Material:</strong> Chanderi Silk Kurti & Pants, Banarasi Art Silk Dupatta</li> <li><strong>Artisan Craft:</strong> Festive Solid with Woven Dupatta</li> <li><strong>Occasion:</strong> Festive / Wedding Guest</li> <li><strong>Care Instructions:</strong> Gentle hand wash separately in cold water with mild liquid detergent. Line dry in shade.</li> <li><strong>Provenance:</strong> Handcrafted in Jaipur, Rajasthan, India</li> </ul>",ShivShankara Clothing,Apparel & Accessories > Clothing,Ethnic Sets,"Jaipur Hand Block Print, Chanderi Silk Kurti & Pants, Banarasi Art Silk Dupatta, Festive Solid with Woven Dupatta, Festive / Wedding Guest, Ethnic Sets, New In, ShivShankara",TRUE,Size,M,,,,,SD889_KBD-M,400,shopify,20,deny,manual,799,3999,TRUE,TRUE,,https://kjmjeoaipojzyrxshvzo.supabase.co/storage/v1/object/public/product-images/SD889_KBD/SD889_KBD_1.jpg,1,Scarlet Crimson Banarasi Dupatta 3-Piece Set - View 1,FALSE,Scarlet Crimson Banarasi Dupatta 3-Piece Set | ShivShankara Clothing,"Rich crimson red kurti set featuring a heavy Banarasi art-silk woven dupatta. Perfect for weddings, festivals, and grand occasions.",active
scarlet-crimson-banarasi-dupatta-3-piece-set-sd889_kbd,,,,,,,,Size,L,,,,,SD889_KBD-L,400,shopify,20,deny,manual,799,3999,TRUE,TRUE,,https://kjmjeoaipojzyrxshvzo.supabase.co/storage/v1/object/public/product-images/SD889_KBD/SD889_KBD_2.jpg,2,Scarlet Crimson Banarasi Dupatta 3-Piece Set - View 2,,,,
scarlet-crimson-banarasi-dupatta-3-piece-set-sd889_kbd,,,,,,,,Size,XL,,,,,SD889_KBD-XL,400,shopify,20,deny,manual,799,3999,TRUE,TRUE,,https://kjmjeoaipojzyrxshvzo.supabase.co/storage/v1/object/public/product-images/SD889_KBD/SD889_KBD_3.jpg,3,Scarlet Crimson Banarasi Dupatta 3-Piece Set - View 3,,,,
scarlet-crimson-banarasi-dupatta-3-piece-set-sd889_kbd,,,,,,,,Size,XXL,,,,,SD889_KBD-XXL,400,shopify,20,deny,manual,799,3999,TRUE,TRUE,,https://kjmjeoaipojzyrxshvzo.supabase.co/storage/v1/object/public/product-images/SD889_KBD/SD889_KBD_4.jpg,4,Scarlet Crimson Banarasi Dupatta 3-Piece Set - View 4,,,,
scarlet-crimson-banarasi-dupatta-3-piece-set-sd889_kbd,,,,,,,,,,,,,,,400,shopify,,deny,manual,,,TRUE,TRUE,,https://kjmjeoaipojzyrxshvzo.supabase.co/storage/v1/object/public/product-images/SD889_KBD/SD889_KBD_5.jpg,5,Scarlet Crimson Banarasi Dupatta 3-Piece Set - View 5,,,,
scarlet-crimson-banarasi-dupatta-3-piece-set-sd889_kbd,,,,,,,,,,,,,,,400,shopify,,deny,manual,,,TRUE,TRUE,,https://kjmjeoaipojzyrxshvzo.supabase.co/storage/v1/object/public/product-images/SD889_KBD/SD889_KBD_6.jpg,6,Scarlet Crimson Banarasi Dupatta 3-Piece Set - View 6,,,,
lavender-breeze-organza-dupatta-3-piece-set-sd882_kbd,Lavender Breeze Organza Dupatta 3-Piece Set,"<p>Pastel lavender straight kurti and trousers paired with a statement floral-printed Silk Organza dupatta. An elegant and airy contemporary ethnic look.</p> <ul> <li><strong>Fabric / Material:</strong> Cotton Silk Kurti & Pants, Organza Dupatta</li> <li><strong>Artisan Craft:</strong> Solid Kurti with Floral Dupatta</li> <li><strong>Occasion:</strong> Occasion Wear</li> <li><strong>Care Instructions:</strong> Gentle hand wash separately in cold water with mild liquid detergent. Line dry in shade.</li> <li><strong>Provenance:</strong> Handcrafted in Jaipur, Rajasthan, India</li> </ul>",ShivShankara Clothing,Apparel & Accessories > Clothing,Ethnic Sets,"Jaipur Hand Block Print, Cotton Silk Kurti & Pants, Organza Dupatta, Solid Kurti with Floral Dupatta, Occasion Wear, Ethnic Sets, New In, ShivShankara",TRUE,Size,M,,,,,SD882_KBD-M,400,shopify,20,deny,manual,799,3999,TRUE,TRUE,,https://kjmjeoaipojzyrxshvzo.supabase.co/storage/v1/object/public/product-images/SD882_KBD/SD882_KBD_1.jpg,1,Lavender Breeze Organza Dupatta 3-Piece Set - View 1,FALSE,Lavender Breeze Organza Dupatta 3-Piece Set | ShivShankara Clothing,Pastel lavender straight kurti and trousers paired with a statement floral-printed Silk Organza dupatta. An elegant and airy contemporary ethnic look.,active
lavender-breeze-organza-dupatta-3-piece-set-sd882_kbd,,,,,,,,Size,L,,,,,SD882_KBD-L,400,shopify,20,deny,manual,799,3999,TRUE,TRUE,,https://kjmjeoaipojzyrxshvzo.supabase.co/storage/v1/object/public/product-images/SD882_KBD/SD882_KBD_2.jpg,2,Lavender Breeze Organza Dupatta 3-Piece Set - View 2,,,,
lavender-breeze-organza-dupatta-3-piece-set-sd882_kbd,,,,,,,,Size,XL,,,,,SD882_KBD-XL,400,shopify,20,deny,manual,799,3999,TRUE,TRUE,,https://kjmjeoaipojzyrxshvzo.supabase.co/storage/v1/object/public/product-images/SD882_KBD/SD882_KBD_3.jpg,3,Lavender Breeze Organza Dupatta 3-Piece Set - View 3,,,,
lavender-breeze-organza-dupatta-3-piece-set-sd882_kbd,,,,,,,,Size,XXL,,,,,SD882_KBD-XXL,400,shopify,20,deny,manual,799,3999,TRUE,TRUE,,https://kjmjeoaipojzyrxshvzo.supabase.co/storage/v1/object/public/product-images/SD882_KBD/SD882_KBD_4.jpg,4,Lavender Breeze Organza Dupatta 3-Piece Set - View 4,,,,
lavender-breeze-organza-dupatta-3-piece-set-sd882_kbd,,,,,,,,,,,,,,,400,shopify,,deny,manual,,,TRUE,TRUE,,https://kjmjeoaipojzyrxshvzo.supabase.co/storage/v1/object/public/product-images/SD882_KBD/SD882_KBD_5.jpg,5,Lavender Breeze Organza Dupatta 3-Piece Set - View 5,,,,
lavender-breeze-organza-dupatta-3-piece-set-sd882_kbd,,,,,,,,,,,,,,,400,shopify,,deny,manual,,,TRUE,TRUE,,https://kjmjeoaipojzyrxshvzo.supabase.co/storage/v1/object/public/product-images/SD882_KBD/SD882_KBD_6.jpg,6,Lavender Breeze Organza Dupatta 3-Piece Set - View 6,,,,
mustard-blossom-gota-3-piece-set-sd690_kbd,Mustard Blossom Gota 3-Piece Set,"<p>A heavy festive 3-piece set in mustard yellow. Includes a flared block-print kurti, straight pants, and a matching dupatta with intricate Gota Patti handiwork.</p> <ul> <li><strong>Fabric / Material:</strong> Rayon Kurti, Rayon Pants, Chiffon Dupatta</li> <li><strong>Artisan Craft:</strong> Block Print with Gota Patti</li> <li><strong>Occasion:</strong> Festive Celebrations</li> <li><strong>Care Instructions:</strong> Gentle hand wash separately in cold water with mild liquid detergent. Line dry in shade.</li> <li><strong>Provenance:</strong> Handcrafted in Jaipur, Rajasthan, India</li> </ul>",ShivShankara Clothing,Apparel & Accessories > Clothing,Ethnic Sets,"Jaipur Hand Block Print, Rayon Kurti, Rayon Pants, Chiffon Dupatta, Block Print with Gota Patti, Festive Celebrations, Ethnic Sets, New In, ShivShankara",TRUE,Size,M,,,,,SD690_KBD-M,400,shopify,20,deny,manual,799,3999,TRUE,TRUE,,https://kjmjeoaipojzyrxshvzo.supabase.co/storage/v1/object/public/product-images/SD690_KBD/SD690_KBD_1.jpg,1,Mustard Blossom Gota 3-Piece Set - View 1,FALSE,Mustard Blossom Gota 3-Piece Set | ShivShankara Clothing,"A heavy festive 3-piece set in mustard yellow. Includes a flared block-print kurti, straight pants, and a matching dupatta with intricate Gota Patti handiwork.",active
mustard-blossom-gota-3-piece-set-sd690_kbd,,,,,,,,Size,L,,,,,SD690_KBD-L,400,shopify,20,deny,manual,799,3999,TRUE,TRUE,,https://kjmjeoaipojzyrxshvzo.supabase.co/storage/v1/object/public/product-images/SD690_KBD/SD690_KBD_2.jpg,2,Mustard Blossom Gota 3-Piece Set - View 2,,,,
mustard-blossom-gota-3-piece-set-sd690_kbd,,,,,,,,Size,XL,,,,,SD690_KBD-XL,400,shopify,20,deny,manual,799,3999,TRUE,TRUE,,https://kjmjeoaipojzyrxshvzo.supabase.co/storage/v1/object/public/product-images/SD690_KBD/SD690_KBD_3.jpg,3,Mustard Blossom Gota 3-Piece Set - View 3,,,,
mustard-blossom-gota-3-piece-set-sd690_kbd,,,,,,,,Size,XXL,,,,,SD690_KBD-XXL,400,shopify,20,deny,manual,799,3999,TRUE,TRUE,,https://kjmjeoaipojzyrxshvzo.supabase.co/storage/v1/object/public/product-images/SD690_KBD/SD690_KBD_4.jpg,4,Mustard Blossom Gota 3-Piece Set - View 4,,,,
mustard-blossom-gota-3-piece-set-sd690_kbd,,,,,,,,,,,,,,,400,shopify,,deny,manual,,,TRUE,TRUE,,https://kjmjeoaipojzyrxshvzo.supabase.co/storage/v1/object/public/product-images/SD690_KBD/SD690_KBD_5.jpg,5,Mustard Blossom Gota 3-Piece Set - View 5,,,,
mustard-blossom-gota-3-piece-set-sd690_kbd,,,,,,,,,,,,,,,400,shopify,,deny,manual,,,TRUE,TRUE,,https://kjmjeoaipojzyrxshvzo.supabase.co/storage/v1/object/public/product-images/SD690_KBD/SD690_KBD_6.jpg,6,Mustard Blossom Gota 3-Piece Set - View 6,,,,
navy-heritage-chikankari-3-piece-set-sd688_kbd,Navy Heritage Chikankari 3-Piece Set,"<p>A stunning navy blue 3-piece set featuring a hand-embroidered Chikankari kurti, matching inner lining, palazzos, and a sheer chiffon dupatta.</p> <ul> <li><strong>Fabric / Material:</strong> Georgette Kurti, Cotton Pants, Chiffon Dupatta</li> <li><strong>Artisan Craft:</strong> Chikankari Embroidery</li> <li><strong>Occasion:</strong> Festive / Occasion Wear</li> <li><strong>Care Instructions:</strong> Gentle hand wash separately in cold water with mild liquid detergent. Line dry in shade.</li> <li><strong>Provenance:</strong> Handcrafted in Jaipur, Rajasthan, India</li> </ul>",ShivShankara Clothing,Apparel & Accessories > Clothing,Ethnic Sets,"Jaipur Hand Block Print, Georgette Kurti, Cotton Pants, Chiffon Dupatta, Chikankari Embroidery, Festive / Occasion Wear, Ethnic Sets, New In, ShivShankara",TRUE,Size,M,,,,,SD688_KBD-M,400,shopify,20,deny,manual,799,3999,TRUE,TRUE,,https://kjmjeoaipojzyrxshvzo.supabase.co/storage/v1/object/public/product-images/SD688_KBD/SD688_KBD_1.jpg,1,Navy Heritage Chikankari 3-Piece Set - View 1,FALSE,Navy Heritage Chikankari 3-Piece Set | ShivShankara Clothing,"A stunning navy blue 3-piece set featuring a hand-embroidered Chikankari kurti, matching inner lining, palazzos, and a sheer chiffon dupatta.",active
navy-heritage-chikankari-3-piece-set-sd688_kbd,,,,,,,,Size,L,,,,,SD688_KBD-L,400,shopify,20,deny,manual,799,3999,TRUE,TRUE,,https://kjmjeoaipojzyrxshvzo.supabase.co/storage/v1/object/public/product-images/SD688_KBD/SD688_KBD_2.jpg,2,Navy Heritage Chikankari 3-Piece Set - View 2,,,,
navy-heritage-chikankari-3-piece-set-sd688_kbd,,,,,,,,Size,XL,,,,,SD688_KBD-XL,400,shopify,20,deny,manual,799,3999,TRUE,TRUE,,https://kjmjeoaipojzyrxshvzo.supabase.co/storage/v1/object/public/product-images/SD688_KBD/SD688_KBD_3.jpg,3,Navy Heritage Chikankari 3-Piece Set - View 3,,,,
navy-heritage-chikankari-3-piece-set-sd688_kbd,,,,,,,,Size,XXL,,,,,SD688_KBD-XXL,400,shopify,20,deny,manual,799,3999,TRUE,TRUE,,https://kjmjeoaipojzyrxshvzo.supabase.co/storage/v1/object/public/product-images/SD688_KBD/SD688_KBD_4.jpg,4,Navy Heritage Chikankari 3-Piece Set - View 4,,,,
navy-heritage-chikankari-3-piece-set-sd688_kbd,,,,,,,,,,,,,,,400,shopify,,deny,manual,,,TRUE,TRUE,,https://kjmjeoaipojzyrxshvzo.supabase.co/storage/v1/object/public/product-images/SD688_KBD/SD688_KBD_5.jpg,5,Navy Heritage Chikankari 3-Piece Set - View 5,,,,
blush-pink-meadow-3-piece-kurti-set-sd687_kbd,Blush Pink Meadow 3-Piece Kurti Set,"<p>Elegant blush pink Kurti and pants paired with a printed dupatta. Features delicate lace borders on the dupatta. Crafted from premium cambric cotton.</p> <ul> <li><strong>Fabric / Material:</strong> Cambric Cotton, Chiffon Dupatta</li> <li><strong>Artisan Craft:</strong> Floral Printed</li> <li><strong>Occasion:</strong> Daytime Festive / Occasion</li> <li><strong>Care Instructions:</strong> Gentle hand wash separately in cold water with mild liquid detergent. Line dry in shade.</li> <li><strong>Provenance:</strong> Handcrafted in Jaipur, Rajasthan, India</li> </ul>",ShivShankara Clothing,Apparel & Accessories > Clothing,Ethnic Sets,"Jaipur Hand Block Print, Cambric Cotton, Chiffon Dupatta, Floral Printed, Daytime Festive / Occasion, Ethnic Sets, New In, ShivShankara",TRUE,Size,M,,,,,SD687_KBD-M,400,shopify,20,deny,manual,799,3999,TRUE,TRUE,,https://kjmjeoaipojzyrxshvzo.supabase.co/storage/v1/object/public/product-images/SD687_KBD/SD687_KBD_1.jpg,1,Blush Pink Meadow 3-Piece Kurti Set - View 1,FALSE,Blush Pink Meadow 3-Piece Kurti Set | ShivShankara Clothing,Elegant blush pink Kurti and pants paired with a printed dupatta. Features delicate lace borders on the dupatta. Crafted from premium cambric cotton.,active
blush-pink-meadow-3-piece-kurti-set-sd687_kbd,,,,,,,,Size,L,,,,,SD687_KBD-L,400,shopify,20,deny,manual,799,3999,TRUE,TRUE,,https://kjmjeoaipojzyrxshvzo.supabase.co/storage/v1/object/public/product-images/SD687_KBD/SD687_KBD_2.jpg,2,Blush Pink Meadow 3-Piece Kurti Set - View 2,,,,
blush-pink-meadow-3-piece-kurti-set-sd687_kbd,,,,,,,,Size,XL,,,,,SD687_KBD-XL,400,shopify,20,deny,manual,799,3999,TRUE,TRUE,,https://kjmjeoaipojzyrxshvzo.supabase.co/storage/v1/object/public/product-images/SD687_KBD/SD687_KBD_3.jpg,3,Blush Pink Meadow 3-Piece Kurti Set - View 3,,,,
blush-pink-meadow-3-piece-kurti-set-sd687_kbd,,,,,,,,Size,XXL,,,,,SD687_KBD-XXL,400,shopify,20,deny,manual,799,3999,TRUE,TRUE,,https://kjmjeoaipojzyrxshvzo.supabase.co/storage/v1/object/public/product-images/SD687_KBD/SD687_KBD_4.jpg,4,Blush Pink Meadow 3-Piece Kurti Set - View 4,,,,
blush-pink-meadow-3-piece-kurti-set-sd687_kbd,,,,,,,,,,,,,,,400,shopify,,deny,manual,,,TRUE,TRUE,,https://kjmjeoaipojzyrxshvzo.supabase.co/storage/v1/object/public/product-images/SD687_KBD/SD687_KBD_5.jpg,5,Blush Pink Meadow 3-Piece Kurti Set - View 5,,,,
blush-pink-meadow-3-piece-kurti-set-sd687_kbd,,,,,,,,,,,,,,,400,shopify,,deny,manual,,,TRUE,TRUE,,https://kjmjeoaipojzyrxshvzo.supabase.co/storage/v1/object/public/product-images/SD687_KBD/SD687_KBD_6.jpg,6,Blush Pink Meadow 3-Piece Kurti Set - View 6,,,,
sand-dune-beige-a-line-kurti-set-sd965_kb,Sand Dune Beige A-Line Kurti Set,"<p>Neutral beige A-line kurti set with minimalist self-print details. Chic and contemporary silhouette designed for the modern woman.</p> <ul> <li><strong>Fabric / Material:</strong> Cotton Slub</li> <li><strong>Artisan Craft:</strong> Self Print</li> <li><strong>Occasion:</strong> Casual Wear</li> <li><strong>Care Instructions:</strong> Gentle hand wash separately in cold water with mild liquid detergent. Line dry in shade.</li> <li><strong>Provenance:</strong> Handcrafted in Jaipur, Rajasthan, India</li> </ul>",ShivShankara Clothing,Apparel & Accessories > Clothing,Kurtis & Kurtas,"Jaipur Hand Block Print, Cotton Slub, Self Print, Casual Wear, Kurtis & Kurtas, New In, ShivShankara",TRUE,Size,M,,,,,SD965_KB-M,400,shopify,20,deny,manual,799,2999,TRUE,TRUE,,https://kjmjeoaipojzyrxshvzo.supabase.co/storage/v1/object/public/product-images/SD965_KB/SD965_KB_3.jpg,1,Sand Dune Beige A-Line Kurti Set - View 1,FALSE,Sand Dune Beige A-Line Kurti Set | ShivShankara Clothing,Neutral beige A-line kurti set with minimalist self-print details. Chic and contemporary silhouette designed for the modern woman.,active
sand-dune-beige-a-line-kurti-set-sd965_kb,,,,,,,,Size,L,,,,,SD965_KB-L,400,shopify,20,deny,manual,799,2999,TRUE,TRUE,,https://kjmjeoaipojzyrxshvzo.supabase.co/storage/v1/object/public/product-images/SD965_KB/SD965_KB_2.jpg,2,Sand Dune Beige A-Line Kurti Set - View 2,,,,
sand-dune-beige-a-line-kurti-set-sd965_kb,,,,,,,,Size,XL,,,,,SD965_KB-XL,400,shopify,20,deny,manual,799,2999,TRUE,TRUE,,https://kjmjeoaipojzyrxshvzo.supabase.co/storage/v1/object/public/product-images/SD965_KB/SD965_KB_1.jpg,3,Sand Dune Beige A-Line Kurti Set - View 3,,,,
sand-dune-beige-a-line-kurti-set-sd965_kb,,,,,,,,Size,XXL,,,,,SD965_KB-XXL,400,shopify,20,deny,manual,799,2999,TRUE,TRUE,,https://kjmjeoaipojzyrxshvzo.supabase.co/storage/v1/object/public/product-images/SD965_KB/SD965_KB_4.jpg,4,Sand Dune Beige A-Line Kurti Set - View 4,,,,
sand-dune-beige-a-line-kurti-set-sd965_kb,,,,,,,,,,,,,,,400,shopify,,deny,manual,,,TRUE,TRUE,,https://kjmjeoaipojzyrxshvzo.supabase.co/storage/v1/object/public/product-images/SD965_KB/SD965_KB_5.jpg,5,Sand Dune Beige A-Line Kurti Set - View 5,,,,
sand-dune-beige-a-line-kurti-set-sd965_kb,,,,,,,,,,,,,,,400,shopify,,deny,manual,,,TRUE,TRUE,,https://kjmjeoaipojzyrxshvzo.supabase.co/storage/v1/object/public/product-images/SD965_KB/SD965_KB_6.jpg,6,Sand Dune Beige A-Line Kurti Set - View 6,,,,
sand-dune-beige-a-line-kurti-set-sd965_kb,,,,,,,,,,,,,,,400,shopify,,deny,manual,,,TRUE,TRUE,,https://kjmjeoaipojzyrxshvzo.supabase.co/storage/v1/object/public/product-images/SD965_KB/SD965_KB_7.jpg,7,Sand Dune Beige A-Line Kurti Set - View 7,,,,
sunshine-amber-block-print-kurti-set-sd964_kb,Sunshine Amber Block Print Kurti Set,"<p>Bright amber yellow kurti set with contrast block prints. Light, airy, and cheerful option for sunny days.</p> <ul> <li><strong>Fabric / Material:</strong> 100% Cotton</li> <li><strong>Artisan Craft:</strong> Hand-block Print</li> <li><strong>Occasion:</strong> Casual Wear</li> <li><strong>Care Instructions:</strong> Gentle hand wash separately in cold water with mild liquid detergent. Line dry in shade.</li> <li><strong>Provenance:</strong> Handcrafted in Jaipur, Rajasthan, India</li> </ul>",ShivShankara Clothing,Apparel & Accessories > Clothing,Kurtis & Kurtas,"Jaipur Hand Block Print, 100% Cotton, Hand-block Print, Casual Wear, Kurtis & Kurtas, New In, ShivShankara",TRUE,Size,M,,,,,SD964_KB-M,400,shopify,20,deny,manual,799,2999,TRUE,TRUE,,https://kjmjeoaipojzyrxshvzo.supabase.co/storage/v1/object/public/product-images/SD964_KB/SD964_KB_3.jpg,1,Sunshine Amber Block Print Kurti Set - View 1,FALSE,Sunshine Amber Block Print Kurti Set | ShivShankara Clothing,"Bright amber yellow kurti set with contrast block prints. Light, airy, and cheerful option for sunny days.",active
sunshine-amber-block-print-kurti-set-sd964_kb,,,,,,,,Size,L,,,,,SD964_KB-L,400,shopify,20,deny,manual,799,2999,TRUE,TRUE,,https://kjmjeoaipojzyrxshvzo.supabase.co/storage/v1/object/public/product-images/SD964_KB/SD964_KB_2.jpg,2,Sunshine Amber Block Print Kurti Set - View 2,,,,
sunshine-amber-block-print-kurti-set-sd964_kb,,,,,,,,Size,XL,,,,,SD964_KB-XL,400,shopify,20,deny,manual,799,2999,TRUE,TRUE,,https://kjmjeoaipojzyrxshvzo.supabase.co/storage/v1/object/public/product-images/SD964_KB/SD964_KB_1.jpg,3,Sunshine Amber Block Print Kurti Set - View 3,,,,
sunshine-amber-block-print-kurti-set-sd964_kb,,,,,,,,Size,XXL,,,,,SD964_KB-XXL,400,shopify,20,deny,manual,799,2999,TRUE,TRUE,,https://kjmjeoaipojzyrxshvzo.supabase.co/storage/v1/object/public/product-images/SD964_KB/SD964_KB_4.jpg,4,Sunshine Amber Block Print Kurti Set - View 4,,,,
sunshine-amber-block-print-kurti-set-sd964_kb,,,,,,,,,,,,,,,400,shopify,,deny,manual,,,TRUE,TRUE,,https://kjmjeoaipojzyrxshvzo.supabase.co/storage/v1/object/public/product-images/SD964_KB/SD964_KB_5.jpg,5,Sunshine Amber Block Print Kurti Set - View 5,,,,
sunshine-amber-block-print-kurti-set-sd964_kb,,,,,,,,,,,,,,,400,shopify,,deny,manual,,,TRUE,TRUE,,https://kjmjeoaipojzyrxshvzo.supabase.co/storage/v1/object/public/product-images/SD964_KB/SD964_KB_6.jpg,6,Sunshine Amber Block Print Kurti Set - View 6,,,,
sunshine-amber-block-print-kurti-set-sd964_kb,,,,,,,,,,,,,,,400,shopify,,deny,manual,,,TRUE,TRUE,,https://kjmjeoaipojzyrxshvzo.supabase.co/storage/v1/object/public/product-images/SD964_KB/SD964_KB_7.jpg,7,Sunshine Amber Block Print Kurti Set - View 7,,,,
turquoise-whisper-embroidered-kurti-set-sd963_kb,Turquoise Whisper Embroidered Kurti Set,"<p>Soft turquoise blue kurti set with pastel thread embroidery on the yoke. Easy straight silhouette. Combines traditional charm with everyday comfort.</p> <ul> <li><strong>Fabric / Material:</strong> Premium Cotton</li> <li><strong>Artisan Craft:</strong> Yoke Embroidery</li> <li><strong>Occasion:</strong> Daytime Gatherings</li> <li><strong>Care Instructions:</strong> Gentle hand wash separately in cold water with mild liquid detergent. Line dry in shade.</li> <li><strong>Provenance:</strong> Handcrafted in Jaipur, Rajasthan, India</li> </ul>",ShivShankara Clothing,Apparel & Accessories > Clothing,Kurtis & Kurtas,"Jaipur Hand Block Print, Premium Cotton, Yoke Embroidery, Daytime Gatherings, Kurtis & Kurtas, New In, ShivShankara",TRUE,Size,M,,,,,SD963_KB-M,400,shopify,20,deny,manual,799,2999,TRUE,TRUE,,https://kjmjeoaipojzyrxshvzo.supabase.co/storage/v1/object/public/product-images/SD963_KB/SD963_KB_3.jpg,1,Turquoise Whisper Embroidered Kurti Set - View 1,FALSE,Turquoise Whisper Embroidered Kurti Set | ShivShankara Clothing,Soft turquoise blue kurti set with pastel thread embroidery on the yoke. Easy straight silhouette. Combines traditional charm with everyday comfort.,active
turquoise-whisper-embroidered-kurti-set-sd963_kb,,,,,,,,Size,L,,,,,SD963_KB-L,400,shopify,20,deny,manual,799,2999,TRUE,TRUE,,https://kjmjeoaipojzyrxshvzo.supabase.co/storage/v1/object/public/product-images/SD963_KB/SD963_KB_2.jpg,2,Turquoise Whisper Embroidered Kurti Set - View 2,,,,
turquoise-whisper-embroidered-kurti-set-sd963_kb,,,,,,,,Size,XL,,,,,SD963_KB-XL,400,shopify,20,deny,manual,799,2999,TRUE,TRUE,,https://kjmjeoaipojzyrxshvzo.supabase.co/storage/v1/object/public/product-images/SD963_KB/SD963_KB_1.jpg,3,Turquoise Whisper Embroidered Kurti Set - View 3,,,,
turquoise-whisper-embroidered-kurti-set-sd963_kb,,,,,,,,Size,XXL,,,,,SD963_KB-XXL,400,shopify,20,deny,manual,799,2999,TRUE,TRUE,,https://kjmjeoaipojzyrxshvzo.supabase.co/storage/v1/object/public/product-images/SD963_KB/SD963_KB_4.jpg,4,Turquoise Whisper Embroidered Kurti Set - View 4,,,,
turquoise-whisper-embroidered-kurti-set-sd963_kb,,,,,,,,,,,,,,,400,shopify,,deny,manual,,,TRUE,TRUE,,https://kjmjeoaipojzyrxshvzo.supabase.co/storage/v1/object/public/product-images/SD963_KB/SD963_KB_5.jpg,5,Turquoise Whisper Embroidered Kurti Set - View 5,,,,
turquoise-whisper-embroidered-kurti-set-sd963_kb,,,,,,,,,,,,,,,400,shopify,,deny,manual,,,TRUE,TRUE,,https://kjmjeoaipojzyrxshvzo.supabase.co/storage/v1/object/public/product-images/SD963_KB/SD963_KB_6.jpg,6,Turquoise Whisper Embroidered Kurti Set - View 6,,,,
turquoise-whisper-embroidered-kurti-set-sd963_kb,,,,,,,,,,,,,,,400,shopify,,deny,manual,,,TRUE,TRUE,,https://kjmjeoaipojzyrxshvzo.supabase.co/storage/v1/object/public/product-images/SD963_KB/SD963_KB_7.jpg,7,Turquoise Whisper Embroidered Kurti Set - View 7,,,,
regal-sapphire-cotton-slub-kurti-set-sd959_kb,Regal Sapphire Cotton Slub Kurti Set,"<p>Deep sapphire blue straight kurti set. Textured cotton slub fabric keeps it structured, polished, and crisp through long wear hours.</p> <ul> <li><strong>Fabric / Material:</strong> Cotton Slub</li> <li><strong>Artisan Craft:</strong> Solid Textured</li> <li><strong>Occasion:</strong> Work / Casual</li> <li><strong>Care Instructions:</strong> Gentle hand wash separately in cold water with mild liquid detergent. Line dry in shade.</li> <li><strong>Provenance:</strong> Handcrafted in Jaipur, Rajasthan, India</li> </ul>",ShivShankara Clothing,Apparel & Accessories > Clothing,Kurtis & Kurtas,"Jaipur Hand Block Print, Cotton Slub, Solid Textured, Work / Casual, Kurtis & Kurtas, New In, ShivShankara",TRUE,Size,M,,,,,SD959_KB-M,400,shopify,20,deny,manual,799,2999,TRUE,TRUE,,https://kjmjeoaipojzyrxshvzo.supabase.co/storage/v1/object/public/product-images/SD959_KB/SD959_KB_4.jpg,1,Regal Sapphire Cotton Slub Kurti Set - View 1,FALSE,Regal Sapphire Cotton Slub Kurti Set | ShivShankara Clothing,"Deep sapphire blue straight kurti set. Textured cotton slub fabric keeps it structured, polished, and crisp through long wear hours.",active
regal-sapphire-cotton-slub-kurti-set-sd959_kb,,,,,,,,Size,L,,,,,SD959_KB-L,400,shopify,20,deny,manual,799,2999,TRUE,TRUE,,https://kjmjeoaipojzyrxshvzo.supabase.co/storage/v1/object/public/product-images/SD959_KB/SD959_KB_2.jpg,2,Regal Sapphire Cotton Slub Kurti Set - View 2,,,,
regal-sapphire-cotton-slub-kurti-set-sd959_kb,,,,,,,,Size,XL,,,,,SD959_KB-XL,400,shopify,20,deny,manual,799,2999,TRUE,TRUE,,https://kjmjeoaipojzyrxshvzo.supabase.co/storage/v1/object/public/product-images/SD959_KB/SD959_KB_3.jpg,3,Regal Sapphire Cotton Slub Kurti Set - View 3,,,,
regal-sapphire-cotton-slub-kurti-set-sd959_kb,,,,,,,,Size,XXL,,,,,SD959_KB-XXL,400,shopify,20,deny,manual,799,2999,TRUE,TRUE,,https://kjmjeoaipojzyrxshvzo.supabase.co/storage/v1/object/public/product-images/SD959_KB/SD959_KB_1.jpg,4,Regal Sapphire Cotton Slub Kurti Set - View 4,,,,
maroon-meadow-cotton-kurti-set-sd958_kb,Maroon Meadow Cotton Kurti Set,"<p>Deep maroon straight kurti set printed with ivory floral patterns. Complete with printed pants. Durable and vibrant organic cotton fabric.</p> <ul> <li><strong>Fabric / Material:</strong> 100% Pure Cotton</li> <li><strong>Artisan Craft:</strong> Floral Print</li> <li><strong>Occasion:</strong> Casual / Semi-Formal</li> <li><strong>Care Instructions:</strong> Gentle hand wash separately in cold water with mild liquid detergent. Line dry in shade.</li> <li><strong>Provenance:</strong> Handcrafted in Jaipur, Rajasthan, India</li> </ul>",ShivShankara Clothing,Apparel & Accessories > Clothing,Kurtis & Kurtas,"Jaipur Hand Block Print, 100% Pure Cotton, Floral Print, Casual / Semi-Formal, Kurtis & Kurtas, New In, ShivShankara",TRUE,Size,M,,,,,SD958_KB-M,400,shopify,20,deny,manual,799,2999,TRUE,TRUE,,https://kjmjeoaipojzyrxshvzo.supabase.co/storage/v1/object/public/product-images/SD958_KB/SD958_KB_5.jpg,1,Maroon Meadow Cotton Kurti Set - View 1,FALSE,Maroon Meadow Cotton Kurti Set | ShivShankara Clothing,Deep maroon straight kurti set printed with ivory floral patterns. Complete with printed pants. Durable and vibrant organic cotton fabric.,active
maroon-meadow-cotton-kurti-set-sd958_kb,,,,,,,,Size,L,,,,,SD958_KB-L,400,shopify,20,deny,manual,799,2999,TRUE,TRUE,,https://kjmjeoaipojzyrxshvzo.supabase.co/storage/v1/object/public/product-images/SD958_KB/SD958_KB_2.jpg,2,Maroon Meadow Cotton Kurti Set - View 2,,,,
maroon-meadow-cotton-kurti-set-sd958_kb,,,,,,,,Size,XL,,,,,SD958_KB-XL,400,shopify,20,deny,manual,799,2999,TRUE,TRUE,,https://kjmjeoaipojzyrxshvzo.supabase.co/storage/v1/object/public/product-images/SD958_KB/SD958_KB_3.jpg,3,Maroon Meadow Cotton Kurti Set - View 3,,,,
maroon-meadow-cotton-kurti-set-sd958_kb,,,,,,,,Size,XXL,,,,,SD958_KB-XXL,400,shopify,20,deny,manual,799,2999,TRUE,TRUE,,https://kjmjeoaipojzyrxshvzo.supabase.co/storage/v1/object/public/product-images/SD958_KB/SD958_KB_4.jpg,4,Maroon Meadow Cotton Kurti Set - View 4,,,,
maroon-meadow-cotton-kurti-set-sd958_kb,,,,,,,,,,,,,,,400,shopify,,deny,manual,,,TRUE,TRUE,,https://kjmjeoaipojzyrxshvzo.supabase.co/storage/v1/object/public/product-images/SD958_KB/SD958_KB_1.jpg,5,Maroon Meadow Cotton Kurti Set - View 5,,,,
emerald-elegance-gota-kurti-set-sd875_kb,Emerald Elegance Gota Kurti Set,"<p>Emerald green straight-fit kurti set accented with gold Gota laces. A classic Indian look. Made from breathable cotton slub.</p> <ul> <li><strong>Fabric / Material:</strong> Cotton Slub</li> <li><strong>Artisan Craft:</strong> Solid with Gold Lace</li> <li><strong>Occasion:</strong> Festive Wear</li> <li><strong>Care Instructions:</strong> Gentle hand wash separately in cold water with mild liquid detergent. Line dry in shade.</li> <li><strong>Provenance:</strong> Handcrafted in Jaipur, Rajasthan, India</li> </ul>",ShivShankara Clothing,Apparel & Accessories > Clothing,Kurtis & Kurtas,"Jaipur Hand Block Print, Cotton Slub, Solid with Gold Lace, Festive Wear, Kurtis & Kurtas, New In, ShivShankara",TRUE,Size,M,,,,,SD875_KB-M,400,shopify,20,deny,manual,799,2999,TRUE,TRUE,,https://kjmjeoaipojzyrxshvzo.supabase.co/storage/v1/object/public/product-images/SD875_KB/SD875_KB_1.jpg,1,Emerald Elegance Gota Kurti Set - View 1,FALSE,Emerald Elegance Gota Kurti Set | ShivShankara Clothing,Emerald green straight-fit kurti set accented with gold Gota laces. A classic Indian look. Made from breathable cotton slub.,active
emerald-elegance-gota-kurti-set-sd875_kb,,,,,,,,Size,L,,,,,SD875_KB-L,400,shopify,20,deny,manual,799,2999,TRUE,TRUE,,https://kjmjeoaipojzyrxshvzo.supabase.co/storage/v1/object/public/product-images/SD875_KB/SD875_KB_2.jpg,2,Emerald Elegance Gota Kurti Set - View 2,,,,
emerald-elegance-gota-kurti-set-sd875_kb,,,,,,,,Size,XL,,,,,SD875_KB-XL,400,shopify,20,deny,manual,799,2999,TRUE,TRUE,,https://kjmjeoaipojzyrxshvzo.supabase.co/storage/v1/object/public/product-images/SD875_KB/SD875_KB_3.jpg,3,Emerald Elegance Gota Kurti Set - View 3,,,,
emerald-elegance-gota-kurti-set-sd875_kb,,,,,,,,Size,XXL,,,,,SD875_KB-XXL,400,shopify,20,deny,manual,799,2999,TRUE,TRUE,,https://kjmjeoaipojzyrxshvzo.supabase.co/storage/v1/object/public/product-images/SD875_KB/SD875_KB_4.jpg,4,Emerald Elegance Gota Kurti Set - View 4,,,,
emerald-elegance-gota-kurti-set-sd875_kb,,,,,,,,,,,,,,,400,shopify,,deny,manual,,,TRUE,TRUE,,https://kjmjeoaipojzyrxshvzo.supabase.co/storage/v1/object/public/product-images/SD875_KB/SD875_KB_5.jpg,5,Emerald Elegance Gota Kurti Set - View 5,,,,
emerald-elegance-gota-kurti-set-sd875_kb,,,,,,,,,,,,,,,400,shopify,,deny,manual,,,TRUE,TRUE,,https://kjmjeoaipojzyrxshvzo.supabase.co/storage/v1/object/public/product-images/SD875_KB/SD875_KB_6.jpg,6,Emerald Elegance Gota Kurti Set - View 6,,,,
emerald-elegance-gota-kurti-set-sd875_kb,,,,,,,,,,,,,,,400,shopify,,deny,manual,,,TRUE,TRUE,,https://kjmjeoaipojzyrxshvzo.supabase.co/storage/v1/object/public/product-images/SD875_KB/SD875_KB_7.jpg,7,Emerald Elegance Gota Kurti Set - View 7,,,,
royal-magenta-chanderi-kurti-set-sd871_kb,Royal Magenta Chanderi Kurti Set,"<p>Rich magenta pink kurti set in silk Chanderi. A gorgeous, lightweight festive choice featuring sheer sleeve panels and subtle zari details.</p> <ul> <li><strong>Fabric / Material:</strong> Chanderi Silk Blend</li> <li><strong>Artisan Craft:</strong> Solid Festive</li> <li><strong>Occasion:</strong> Festive / Weddings</li> <li><strong>Care Instructions:</strong> Gentle hand wash separately in cold water with mild liquid detergent. Line dry in shade.</li> <li><strong>Provenance:</strong> Handcrafted in Jaipur, Rajasthan, India</li> </ul>",ShivShankara Clothing,Apparel & Accessories > Clothing,Kurtis & Kurtas,"Jaipur Hand Block Print, Chanderi Silk Blend, Solid Festive, Festive / Weddings, Kurtis & Kurtas, New In, ShivShankara",TRUE,Size,M,,,,,SD871_KB-M,400,shopify,20,deny,manual,799,2999,TRUE,TRUE,,https://kjmjeoaipojzyrxshvzo.supabase.co/storage/v1/object/public/product-images/SD871_KB/SD871_KB_1.jpg,1,Royal Magenta Chanderi Kurti Set - View 1,FALSE,Royal Magenta Chanderi Kurti Set | ShivShankara Clothing,"Rich magenta pink kurti set in silk Chanderi. A gorgeous, lightweight festive choice featuring sheer sleeve panels and subtle zari details.",active
royal-magenta-chanderi-kurti-set-sd871_kb,,,,,,,,Size,L,,,,,SD871_KB-L,400,shopify,20,deny,manual,799,2999,TRUE,TRUE,,https://kjmjeoaipojzyrxshvzo.supabase.co/storage/v1/object/public/product-images/SD871_KB/SD871_KB_2.jpg,2,Royal Magenta Chanderi Kurti Set - View 2,,,,
royal-magenta-chanderi-kurti-set-sd871_kb,,,,,,,,Size,XL,,,,,SD871_KB-XL,400,shopify,20,deny,manual,799,2999,TRUE,TRUE,,https://kjmjeoaipojzyrxshvzo.supabase.co/storage/v1/object/public/product-images/SD871_KB/SD871_KB_3.jpg,3,Royal Magenta Chanderi Kurti Set - View 3,,,,
royal-magenta-chanderi-kurti-set-sd871_kb,,,,,,,,Size,XXL,,,,,SD871_KB-XXL,400,shopify,20,deny,manual,799,2999,TRUE,TRUE,,https://kjmjeoaipojzyrxshvzo.supabase.co/storage/v1/object/public/product-images/SD871_KB/SD871_KB_4.jpg,4,Royal Magenta Chanderi Kurti Set - View 4,,,,
royal-magenta-chanderi-kurti-set-sd871_kb,,,,,,,,,,,,,,,400,shopify,,deny,manual,,,TRUE,TRUE,,https://kjmjeoaipojzyrxshvzo.supabase.co/storage/v1/object/public/product-images/SD871_KB/SD871_KB_5.jpg,5,Royal Magenta Chanderi Kurti Set - View 5,,,,
royal-magenta-chanderi-kurti-set-sd871_kb,,,,,,,,,,,,,,,400,shopify,,deny,manual,,,TRUE,TRUE,,https://kjmjeoaipojzyrxshvzo.supabase.co/storage/v1/object/public/product-images/SD871_KB/SD871_KB_6.jpg,6,Royal Magenta Chanderi Kurti Set - View 6,,,,
royal-magenta-chanderi-kurti-set-sd871_kb,,,,,,,,,,,,,,,400,shopify,,deny,manual,,,TRUE,TRUE,,https://kjmjeoaipojzyrxshvzo.supabase.co/storage/v1/object/public/product-images/SD871_KB/SD871_KB_7.jpg,7,Royal Magenta Chanderi Kurti Set - View 7,,,,
royal-magenta-chanderi-kurti-set-sd871_kb,,,,,,,,,,,,,,,400,shopify,,deny,manual,,,TRUE,TRUE,,https://kjmjeoaipojzyrxshvzo.supabase.co/storage/v1/object/public/product-images/SD871_KB/SD871_KB_8.jpg,8,Royal Magenta Chanderi Kurti Set - View 8,,,,
royal-magenta-chanderi-kurti-set-sd871_kb,,,,,,,,,,,,,,,400,shopify,,deny,manual,,,TRUE,TRUE,,https://kjmjeoaipojzyrxshvzo.supabase.co/storage/v1/object/public/product-images/SD871_KB/SD871_KB_9.jpg,9,Royal Magenta Chanderi Kurti Set - View 9,,,,
aura-sky-blue-festive-kurti-set-sd870_kb,Aura Sky Blue Festive Kurti Set,"<p>A brilliant sky blue kurti set featuring traditional silver Gota work on the neck. Comes with matching printed pants in soft cotton silk fabric.</p> <ul> <li><strong>Fabric / Material:</strong> Soft Cotton Silk</li> <li><strong>Artisan Craft:</strong> Solid with Gota Patti</li> <li><strong>Occasion:</strong> Festive / Puja</li> <li><strong>Care Instructions:</strong> Gentle hand wash separately in cold water with mild liquid detergent. Line dry in shade.</li> <li><strong>Provenance:</strong> Handcrafted in Jaipur, Rajasthan, India</li> </ul>",ShivShankara Clothing,Apparel & Accessories > Clothing,Kurtis & Kurtas,"Jaipur Hand Block Print, Soft Cotton Silk, Solid with Gota Patti, Festive / Puja, Kurtis & Kurtas, New In, ShivShankara",TRUE,Size,M,,,,,SD870_KB-M,400,shopify,20,deny,manual,799,2999,TRUE,TRUE,,https://kjmjeoaipojzyrxshvzo.supabase.co/storage/v1/object/public/product-images/SD870_KB/SD870_KB_1.jpg,1,Aura Sky Blue Festive Kurti Set - View 1,FALSE,Aura Sky Blue Festive Kurti Set | ShivShankara Clothing,A brilliant sky blue kurti set featuring traditional silver Gota work on the neck. Comes with matching printed pants in soft cotton silk fabric.,active
aura-sky-blue-festive-kurti-set-sd870_kb,,,,,,,,Size,L,,,,,SD870_KB-L,400,shopify,20,deny,manual,799,2999,TRUE,TRUE,,https://kjmjeoaipojzyrxshvzo.supabase.co/storage/v1/object/public/product-images/SD870_KB/SD870_KB_2.jpg,2,Aura Sky Blue Festive Kurti Set - View 2,,,,
aura-sky-blue-festive-kurti-set-sd870_kb,,,,,,,,Size,XL,,,,,SD870_KB-XL,400,shopify,20,deny,manual,799,2999,TRUE,TRUE,,https://kjmjeoaipojzyrxshvzo.supabase.co/storage/v1/object/public/product-images/SD870_KB/SD870_KB_3.jpg,3,Aura Sky Blue Festive Kurti Set - View 3,,,,
aura-sky-blue-festive-kurti-set-sd870_kb,,,,,,,,Size,XXL,,,,,SD870_KB-XXL,400,shopify,20,deny,manual,799,2999,TRUE,TRUE,,https://kjmjeoaipojzyrxshvzo.supabase.co/storage/v1/object/public/product-images/SD870_KB/SD870_KB_4.jpg,4,Aura Sky Blue Festive Kurti Set - View 4,,,,
aura-sky-blue-festive-kurti-set-sd870_kb,,,,,,,,,,,,,,,400,shopify,,deny,manual,,,TRUE,TRUE,,https://kjmjeoaipojzyrxshvzo.supabase.co/storage/v1/object/public/product-images/SD870_KB/SD870_KB_5.jpg,5,Aura Sky Blue Festive Kurti Set - View 5,,,,
aura-sky-blue-festive-kurti-set-sd870_kb,,,,,,,,,,,,,,,400,shopify,,deny,manual,,,TRUE,TRUE,,https://kjmjeoaipojzyrxshvzo.supabase.co/storage/v1/object/public/product-images/SD870_KB/SD870_KB_6.jpg,6,Aura Sky Blue Festive Kurti Set - View 6,,,,
aura-sky-blue-festive-kurti-set-sd870_kb,,,,,,,,,,,,,,,400,shopify,,deny,manual,,,TRUE,TRUE,,https://kjmjeoaipojzyrxshvzo.supabase.co/storage/v1/object/public/product-images/SD870_KB/SD870_KB_7.jpg,7,Aura Sky Blue Festive Kurti Set - View 7,,,,
peachy-bloom-daily-wear-kurti-set-sd868_kb,Peachy Bloom Daily Wear Kurti Set,"<p>Fresh peach straight kurti set styled with minimal floral patterns. Designed for daily comfort, office wear, and running errands.</p> <ul> <li><strong>Fabric / Material:</strong> Cambric Cotton</li> <li><strong>Artisan Craft:</strong> Printed</li> <li><strong>Occasion:</strong> Daily Wear</li> <li><strong>Care Instructions:</strong> Gentle hand wash separately in cold water with mild liquid detergent. Line dry in shade.</li> <li><strong>Provenance:</strong> Handcrafted in Jaipur, Rajasthan, India</li> </ul>",ShivShankara Clothing,Apparel & Accessories > Clothing,Kurtis & Kurtas,"Jaipur Hand Block Print, Cambric Cotton, Printed, Daily Wear, Kurtis & Kurtas, New In, ShivShankara",TRUE,Size,M,,,,,SD868_KB-M,400,shopify,20,deny,manual,799,2999,TRUE,TRUE,,https://kjmjeoaipojzyrxshvzo.supabase.co/storage/v1/object/public/product-images/SD868_KB/SD868_KB_1.jpg,1,Peachy Bloom Daily Wear Kurti Set - View 1,FALSE,Peachy Bloom Daily Wear Kurti Set | ShivShankara Clothing,"Fresh peach straight kurti set styled with minimal floral patterns. Designed for daily comfort, office wear, and running errands.",active
peachy-bloom-daily-wear-kurti-set-sd868_kb,,,,,,,,Size,L,,,,,SD868_KB-L,400,shopify,20,deny,manual,799,2999,TRUE,TRUE,,https://kjmjeoaipojzyrxshvzo.supabase.co/storage/v1/object/public/product-images/SD868_KB/SD868_KB_2.jpg,2,Peachy Bloom Daily Wear Kurti Set - View 2,,,,
peachy-bloom-daily-wear-kurti-set-sd868_kb,,,,,,,,Size,XL,,,,,SD868_KB-XL,400,shopify,20,deny,manual,799,2999,TRUE,TRUE,,https://kjmjeoaipojzyrxshvzo.supabase.co/storage/v1/object/public/product-images/SD868_KB/SD868_KB_3.jpg,3,Peachy Bloom Daily Wear Kurti Set - View 3,,,,
peachy-bloom-daily-wear-kurti-set-sd868_kb,,,,,,,,Size,XXL,,,,,SD868_KB-XXL,400,shopify,20,deny,manual,799,2999,TRUE,TRUE,,https://kjmjeoaipojzyrxshvzo.supabase.co/storage/v1/object/public/product-images/SD868_KB/SD868_KB_4.jpg,4,Peachy Bloom Daily Wear Kurti Set - View 4,,,,
peachy-bloom-daily-wear-kurti-set-sd868_kb,,,,,,,,,,,,,,,400,shopify,,deny,manual,,,TRUE,TRUE,,https://kjmjeoaipojzyrxshvzo.supabase.co/storage/v1/object/public/product-images/SD868_KB/SD868_KB_5.jpg,5,Peachy Bloom Daily Wear Kurti Set - View 5,,,,
peachy-bloom-daily-wear-kurti-set-sd868_kb,,,,,,,,,,,,,,,400,shopify,,deny,manual,,,TRUE,TRUE,,https://kjmjeoaipojzyrxshvzo.supabase.co/storage/v1/object/public/product-images/SD868_KB/SD868_KB_6.jpg,6,Peachy Bloom Daily Wear Kurti Set - View 6,,,,
peachy-bloom-daily-wear-kurti-set-sd868_kb,,,,,,,,,,,,,,,400,shopify,,deny,manual,,,TRUE,TRUE,,https://kjmjeoaipojzyrxshvzo.supabase.co/storage/v1/object/public/product-images/SD868_KB/SD868_KB_7.jpg,7,Peachy Bloom Daily Wear Kurti Set - View 7,,,,
peachy-bloom-daily-wear-kurti-set-sd868_kb,,,,,,,,,,,,,,,400,shopify,,deny,manual,,,TRUE,TRUE,,https://kjmjeoaipojzyrxshvzo.supabase.co/storage/v1/object/public/product-images/SD868_KB/SD868_KB_8.jpg,8,Peachy Bloom Daily Wear Kurti Set - View 8,,,,
peachy-bloom-daily-wear-kurti-set-sd868_kb,,,,,,,,,,,,,,,400,shopify,,deny,manual,,,TRUE,TRUE,,https://kjmjeoaipojzyrxshvzo.supabase.co/storage/v1/object/public/product-images/SD868_KB/SD868_KB_9.jpg,9,Peachy Bloom Daily Wear Kurti Set - View 9,,,,
breezy-mint-slub-kurti-set-sd857_kb,Breezy Mint Slub Kurti Set,"<p>Light mint green straight-cut kurti set with delicate lace inserts along the sleeves and pants. Soft cotton slub makes it perfect for warm summer days.</p> <ul> <li><strong>Fabric / Material:</strong> Breathable Cotton Slub</li> <li><strong>Artisan Craft:</strong> Solid with Lace Details</li> <li><strong>Occasion:</strong> Daily Wear</li> <li><strong>Care Instructions:</strong> Gentle hand wash separately in cold water with mild liquid detergent. Line dry in shade.</li> <li><strong>Provenance:</strong> Handcrafted in Jaipur, Rajasthan, India</li> </ul>",ShivShankara Clothing,Apparel & Accessories > Clothing,Kurtis & Kurtas,"Jaipur Hand Block Print, Breathable Cotton Slub, Solid with Lace Details, Daily Wear, Kurtis & Kurtas, New In, ShivShankara",TRUE,Size,M,,,,,SD857_KB-M,400,shopify,20,deny,manual,799,2999,TRUE,TRUE,,https://kjmjeoaipojzyrxshvzo.supabase.co/storage/v1/object/public/product-images/SD857_KB/SD857_KB_1.jpg,1,Breezy Mint Slub Kurti Set - View 1,FALSE,Breezy Mint Slub Kurti Set | ShivShankara Clothing,Light mint green straight-cut kurti set with delicate lace inserts along the sleeves and pants. Soft cotton slub makes it perfect for warm summer days.,active
breezy-mint-slub-kurti-set-sd857_kb,,,,,,,,Size,L,,,,,SD857_KB-L,400,shopify,20,deny,manual,799,2999,TRUE,TRUE,,https://kjmjeoaipojzyrxshvzo.supabase.co/storage/v1/object/public/product-images/SD857_KB/SD857_KB_2.jpg,2,Breezy Mint Slub Kurti Set - View 2,,,,
breezy-mint-slub-kurti-set-sd857_kb,,,,,,,,Size,XL,,,,,SD857_KB-XL,400,shopify,20,deny,manual,799,2999,TRUE,TRUE,,https://kjmjeoaipojzyrxshvzo.supabase.co/storage/v1/object/public/product-images/SD857_KB/SD857_KB_3.jpg,3,Breezy Mint Slub Kurti Set - View 3,,,,
breezy-mint-slub-kurti-set-sd857_kb,,,,,,,,Size,XXL,,,,,SD857_KB-XXL,400,shopify,20,deny,manual,799,2999,TRUE,TRUE,,https://kjmjeoaipojzyrxshvzo.supabase.co/storage/v1/object/public/product-images/SD857_KB/SD857_KB_4.jpg,4,Breezy Mint Slub Kurti Set - View 4,,,,
breezy-mint-slub-kurti-set-sd857_kb,,,,,,,,,,,,,,,400,shopify,,deny,manual,,,TRUE,TRUE,,https://kjmjeoaipojzyrxshvzo.supabase.co/storage/v1/object/public/product-images/SD857_KB/SD857_KB_5.jpg,5,Breezy Mint Slub Kurti Set - View 5,,,,
breezy-mint-slub-kurti-set-sd857_kb,,,,,,,,,,,,,,,400,shopify,,deny,manual,,,TRUE,TRUE,,https://kjmjeoaipojzyrxshvzo.supabase.co/storage/v1/object/public/product-images/SD857_KB/SD857_KB_6.jpg,6,Breezy Mint Slub Kurti Set - View 6,,,,
breezy-mint-slub-kurti-set-sd857_kb,,,,,,,,,,,,,,,400,shopify,,deny,manual,,,TRUE,TRUE,,https://kjmjeoaipojzyrxshvzo.supabase.co/storage/v1/object/public/product-images/SD857_KB/SD857_KB_7.jpg,7,Breezy Mint Slub Kurti Set - View 7,,,,
midnight-charcoal-embroidered-kurti-set-sd856_kb,Midnight Charcoal Embroidered Kurti Set,"<p>Sophisticated charcoal black straight kurti set adorned with vibrant floral thread embroidery on the neckline. Lightweight fabric ensures a flattering drape.</p> <ul> <li><strong>Fabric / Material:</strong> Premium Rayon</li> <li><strong>Artisan Craft:</strong> Embroidered Yoke</li> <li><strong>Occasion:</strong> Evening Wear</li> <li><strong>Care Instructions:</strong> Gentle hand wash separately in cold water with mild liquid detergent. Line dry in shade.</li> <li><strong>Provenance:</strong> Handcrafted in Jaipur, Rajasthan, India</li> </ul>",ShivShankara Clothing,Apparel & Accessories > Clothing,Kurtis & Kurtas,"Jaipur Hand Block Print, Premium Rayon, Embroidered Yoke, Evening Wear, Kurtis & Kurtas, New In, ShivShankara",TRUE,Size,M,,,,,SD856_KB-M,400,shopify,20,deny,manual,799,2999,TRUE,TRUE,,https://kjmjeoaipojzyrxshvzo.supabase.co/storage/v1/object/public/product-images/SD856_KB/SD856_KB_1.jpg,1,Midnight Charcoal Embroidered Kurti Set - View 1,FALSE,Midnight Charcoal Embroidered Kurti Set | ShivShankara Clothing,Sophisticated charcoal black straight kurti set adorned with vibrant floral thread embroidery on the neckline. Lightweight fabric ensures a flattering drape.,active
midnight-charcoal-embroidered-kurti-set-sd856_kb,,,,,,,,Size,L,,,,,SD856_KB-L,400,shopify,20,deny,manual,799,2999,TRUE,TRUE,,https://kjmjeoaipojzyrxshvzo.supabase.co/storage/v1/object/public/product-images/SD856_KB/SD856_KB_2.jpg,2,Midnight Charcoal Embroidered Kurti Set - View 2,,,,
midnight-charcoal-embroidered-kurti-set-sd856_kb,,,,,,,,Size,XL,,,,,SD856_KB-XL,400,shopify,20,deny,manual,799,2999,TRUE,TRUE,,https://kjmjeoaipojzyrxshvzo.supabase.co/storage/v1/object/public/product-images/SD856_KB/SD856_KB_3.jpg,3,Midnight Charcoal Embroidered Kurti Set - View 3,,,,
midnight-charcoal-embroidered-kurti-set-sd856_kb,,,,,,,,Size,XXL,,,,,SD856_KB-XXL,400,shopify,20,deny,manual,799,2999,TRUE,TRUE,,https://kjmjeoaipojzyrxshvzo.supabase.co/storage/v1/object/public/product-images/SD856_KB/SD856_KB_4.jpg,4,Midnight Charcoal Embroidered Kurti Set - View 4,,,,
midnight-charcoal-embroidered-kurti-set-sd856_kb,,,,,,,,,,,,,,,400,shopify,,deny,manual,,,TRUE,TRUE,,https://kjmjeoaipojzyrxshvzo.supabase.co/storage/v1/object/public/product-images/SD856_KB/SD856_KB_5.jpg,5,Midnight Charcoal Embroidered Kurti Set - View 5,,,,
midnight-charcoal-embroidered-kurti-set-sd856_kb,,,,,,,,,,,,,,,400,shopify,,deny,manual,,,TRUE,TRUE,,https://kjmjeoaipojzyrxshvzo.supabase.co/storage/v1/object/public/product-images/SD856_KB/SD856_KB_6.jpg,6,Midnight Charcoal Embroidered Kurti Set - View 6,,,,
midnight-charcoal-embroidered-kurti-set-sd856_kb,,,,,,,,,,,,,,,400,shopify,,deny,manual,,,TRUE,TRUE,,https://kjmjeoaipojzyrxshvzo.supabase.co/storage/v1/object/public/product-images/SD856_KB/SD856_KB_7.jpg,7,Midnight Charcoal Embroidered Kurti Set - View 7,,,,
midnight-charcoal-embroidered-kurti-set-sd856_kb,,,,,,,,,,,,,,,400,shopify,,deny,manual,,,TRUE,TRUE,,https://kjmjeoaipojzyrxshvzo.supabase.co/storage/v1/object/public/product-images/SD856_KB/SD856_KB_8.jpg,8,Midnight Charcoal Embroidered Kurti Set - View 8,,,,
crimson-empress-anarkali-kurti-set-sd835_kb,Crimson Empress Anarkali Kurti Set,"<p>A majestic crimson red Anarkali kurti set with extensive traditional Rajasthani block prints. Subtle gota patti detailing on the yoke adds a festive touch.</p> <ul> <li><strong>Fabric / Material:</strong> Pure Cotton</li> <li><strong>Artisan Craft:</strong> Rajasthani Block Print</li> <li><strong>Occasion:</strong> Festive Celebrations</li> <li><strong>Care Instructions:</strong> Gentle hand wash separately in cold water with mild liquid detergent. Line dry in shade.</li> <li><strong>Provenance:</strong> Handcrafted in Jaipur, Rajasthan, India</li> </ul>",ShivShankara Clothing,Apparel & Accessories > Clothing,Kurtis & Kurtas,"Jaipur Hand Block Print, Pure Cotton, Rajasthani Block Print, Festive Celebrations, Kurtis & Kurtas, New In, ShivShankara",TRUE,Size,M,,,,,SD835_KB-M,400,shopify,20,deny,manual,799,2999,TRUE,TRUE,,https://kjmjeoaipojzyrxshvzo.supabase.co/storage/v1/object/public/product-images/SD835_KB/SD835_KB_1.jpg,1,Crimson Empress Anarkali Kurti Set - View 1,FALSE,Crimson Empress Anarkali Kurti Set | ShivShankara Clothing,A majestic crimson red Anarkali kurti set with extensive traditional Rajasthani block prints. Subtle gota patti detailing on the yoke adds a festive touch.,active
crimson-empress-anarkali-kurti-set-sd835_kb,,,,,,,,Size,L,,,,,SD835_KB-L,400,shopify,20,deny,manual,799,2999,TRUE,TRUE,,https://kjmjeoaipojzyrxshvzo.supabase.co/storage/v1/object/public/product-images/SD835_KB/SD835_KB_2.jpg,2,Crimson Empress Anarkali Kurti Set - View 2,,,,
crimson-empress-anarkali-kurti-set-sd835_kb,,,,,,,,Size,XL,,,,,SD835_KB-XL,400,shopify,20,deny,manual,799,2999,TRUE,TRUE,,https://kjmjeoaipojzyrxshvzo.supabase.co/storage/v1/object/public/product-images/SD835_KB/SD835_KB_3.jpg,3,Crimson Empress Anarkali Kurti Set - View 3,,,,
crimson-empress-anarkali-kurti-set-sd835_kb,,,,,,,,Size,XXL,,,,,SD835_KB-XXL,400,shopify,20,deny,manual,799,2999,TRUE,TRUE,,https://kjmjeoaipojzyrxshvzo.supabase.co/storage/v1/object/public/product-images/SD835_KB/SD835_KB_4.jpg,4,Crimson Empress Anarkali Kurti Set - View 4,,,,
crimson-empress-anarkali-kurti-set-sd835_kb,,,,,,,,,,,,,,,400,shopify,,deny,manual,,,TRUE,TRUE,,https://kjmjeoaipojzyrxshvzo.supabase.co/storage/v1/object/public/product-images/SD835_KB/SD835_KB_5.jpg,5,Crimson Empress Anarkali Kurti Set - View 5,,,,
crimson-empress-anarkali-kurti-set-sd835_kb,,,,,,,,,,,,,,,400,shopify,,deny,manual,,,TRUE,TRUE,,https://kjmjeoaipojzyrxshvzo.supabase.co/storage/v1/object/public/product-images/SD835_KB/SD835_KB_6.jpg,6,Crimson Empress Anarkali Kurti Set - View 6,,,,
crimson-empress-anarkali-kurti-set-sd835_kb,,,,,,,,,,,,,,,400,shopify,,deny,manual,,,TRUE,TRUE,,https://kjmjeoaipojzyrxshvzo.supabase.co/storage/v1/object/public/product-images/SD835_KB/SD835_KB_7.jpg,7,Crimson Empress Anarkali Kurti Set - View 7,,,,
crimson-empress-anarkali-kurti-set-sd835_kb,,,,,,,,,,,,,,,400,shopify,,deny,manual,,,TRUE,TRUE,,https://kjmjeoaipojzyrxshvzo.supabase.co/storage/v1/object/public/product-images/SD835_KB/SD835_KB_8.jpg,8,Crimson Empress Anarkali Kurti Set - View 8,,,,
crimson-empress-anarkali-kurti-set-sd835_kb,,,,,,,,,,,,,,,400,shopify,,deny,manual,,,TRUE,TRUE,,https://kjmjeoaipojzyrxshvzo.supabase.co/storage/v1/object/public/product-images/SD835_KB/SD835_KB_9.jpg,9,Crimson Empress Anarkali Kurti Set - View 9,,,,
crimson-empress-anarkali-kurti-set-sd835_kb,,,,,,,,,,,,,,,400,shopify,,deny,manual,,,TRUE,TRUE,,https://kjmjeoaipojzyrxshvzo.supabase.co/storage/v1/object/public/product-images/SD835_KB/SD835_KB_10.jpg,10,Crimson Empress Anarkali Kurti Set - View 10,,,,
blossoming-rose-flared-kurti-set-sd800_kb,Blossoming Rose Flared Kurti Set,"<p>Super-soft pastel pink Mulmul cotton kurti set featuring delicate rose designs. Flared hemline offers a breezy, feminine look. A summer essential.</p> <ul> <li><strong>Fabric / Material:</strong> Pure Mulmul Cotton</li> <li><strong>Artisan Craft:</strong> Delicate Floral Print</li> <li><strong>Occasion:</strong> Summer Brunch / Outing</li> <li><strong>Care Instructions:</strong> Gentle hand wash separately in cold water with mild liquid detergent. Line dry in shade.</li> <li><strong>Provenance:</strong> Handcrafted in Jaipur, Rajasthan, India</li> </ul>",ShivShankara Clothing,Apparel & Accessories > Clothing,Kurtis & Kurtas,"Jaipur Hand Block Print, Pure Mulmul Cotton, Delicate Floral Print, Summer Brunch / Outing, Kurtis & Kurtas, New In, ShivShankara",TRUE,Size,M,,,,,SD800_KB-M,400,shopify,20,deny,manual,799,2999,TRUE,TRUE,,https://kjmjeoaipojzyrxshvzo.supabase.co/storage/v1/object/public/product-images/SD800_KB/SD800_KB_1.jpg,1,Blossoming Rose Flared Kurti Set - View 1,FALSE,Blossoming Rose Flared Kurti Set | ShivShankara Clothing,"Super-soft pastel pink Mulmul cotton kurti set featuring delicate rose designs. Flared hemline offers a breezy, feminine look. A summer essential.",active
blossoming-rose-flared-kurti-set-sd800_kb,,,,,,,,Size,L,,,,,SD800_KB-L,400,shopify,20,deny,manual,799,2999,TRUE,TRUE,,https://kjmjeoaipojzyrxshvzo.supabase.co/storage/v1/object/public/product-images/SD800_KB/SD800_KB_2.jpg,2,Blossoming Rose Flared Kurti Set - View 2,,,,
blossoming-rose-flared-kurti-set-sd800_kb,,,,,,,,Size,XL,,,,,SD800_KB-XL,400,shopify,20,deny,manual,799,2999,TRUE,TRUE,,https://kjmjeoaipojzyrxshvzo.supabase.co/storage/v1/object/public/product-images/SD800_KB/SD800_KB_3.jpg,3,Blossoming Rose Flared Kurti Set - View 3,,,,
blossoming-rose-flared-kurti-set-sd800_kb,,,,,,,,Size,XXL,,,,,SD800_KB-XXL,400,shopify,20,deny,manual,799,2999,TRUE,TRUE,,https://kjmjeoaipojzyrxshvzo.supabase.co/storage/v1/object/public/product-images/SD800_KB/SD800_KB_4.jpg,4,Blossoming Rose Flared Kurti Set - View 4,,,,
blossoming-rose-flared-kurti-set-sd800_kb,,,,,,,,,,,,,,,400,shopify,,deny,manual,,,TRUE,TRUE,,https://kjmjeoaipojzyrxshvzo.supabase.co/storage/v1/object/public/product-images/SD800_KB/SD800_KB_5.jpg,5,Blossoming Rose Flared Kurti Set - View 5,,,,
blossoming-rose-flared-kurti-set-sd800_kb,,,,,,,,,,,,,,,400,shopify,,deny,manual,,,TRUE,TRUE,,https://kjmjeoaipojzyrxshvzo.supabase.co/storage/v1/object/public/product-images/SD800_KB/SD800_KB_6.jpg,6,Blossoming Rose Flared Kurti Set - View 6,,,,
vintage-olive-straight-kurti-set-sd796_kb,Vintage Olive Straight Kurti Set,"<p>Breathable olive green straight-fit kurti with subtle texture. Clean silhouette paired with solid tapered trousers. An elegant pick for everyday wear and travel.</p> <ul> <li><strong>Fabric / Material:</strong> Cotton Linen Blend</li> <li><strong>Artisan Craft:</strong> Solid Textured</li> <li><strong>Occasion:</strong> Casual Wear / Travel</li> <li><strong>Care Instructions:</strong> Gentle hand wash separately in cold water with mild liquid detergent. Line dry in shade.</li> <li><strong>Provenance:</strong> Handcrafted in Jaipur, Rajasthan, India</li> </ul>",ShivShankara Clothing,Apparel & Accessories > Clothing,Kurtis & Kurtas,"Jaipur Hand Block Print, Cotton Linen Blend, Solid Textured, Casual Wear / Travel, Kurtis & Kurtas, New In, ShivShankara",TRUE,Size,M,,,,,SD796_KB-M,400,shopify,20,deny,manual,799,2999,TRUE,TRUE,,https://kjmjeoaipojzyrxshvzo.supabase.co/storage/v1/object/public/product-images/SD796_KB/SD796_KB_1.jpg,1,Vintage Olive Straight Kurti Set - View 1,FALSE,Vintage Olive Straight Kurti Set | ShivShankara Clothing,Breathable olive green straight-fit kurti with subtle texture. Clean silhouette paired with solid tapered trousers. An elegant pick for everyday wear and travel.,active
vintage-olive-straight-kurti-set-sd796_kb,,,,,,,,Size,L,,,,,SD796_KB-L,400,shopify,20,deny,manual,799,2999,TRUE,TRUE,,https://kjmjeoaipojzyrxshvzo.supabase.co/storage/v1/object/public/product-images/SD796_KB/SD796_KB_2.jpg,2,Vintage Olive Straight Kurti Set - View 2,,,,
vintage-olive-straight-kurti-set-sd796_kb,,,,,,,,Size,XL,,,,,SD796_KB-XL,400,shopify,20,deny,manual,799,2999,TRUE,TRUE,,https://kjmjeoaipojzyrxshvzo.supabase.co/storage/v1/object/public/product-images/SD796_KB/SD796_KB_3.jpg,3,Vintage Olive Straight Kurti Set - View 3,,,,
vintage-olive-straight-kurti-set-sd796_kb,,,,,,,,Size,XXL,,,,,SD796_KB-XXL,400,shopify,20,deny,manual,799,2999,TRUE,TRUE,,https://kjmjeoaipojzyrxshvzo.supabase.co/storage/v1/object/public/product-images/SD796_KB/SD796_KB_4.jpg,4,Vintage Olive Straight Kurti Set - View 4,,,,
vintage-olive-straight-kurti-set-sd796_kb,,,,,,,,,,,,,,,400,shopify,,deny,manual,,,TRUE,TRUE,,https://kjmjeoaipojzyrxshvzo.supabase.co/storage/v1/object/public/product-images/SD796_KB/SD796_KB_5.jpg,5,Vintage Olive Straight Kurti Set - View 5,,,,
tuscan-sun-rust-geometric-kurti-set-sd794_kb,Tuscan Sun Rust Geometric Kurti Set,"<p>Warm rust orange kurti set highlighting modern geometric prints. A versatile outfit for work, college, or casual outings. Cotton slub fabric offers excellent shape retention.</p> <ul> <li><strong>Fabric / Material:</strong> Cotton Slub</li> <li><strong>Artisan Craft:</strong> Geometric Print</li> <li><strong>Occasion:</strong> Office Wear / Casual</li> <li><strong>Care Instructions:</strong> Gentle hand wash separately in cold water with mild liquid detergent. Line dry in shade.</li> <li><strong>Provenance:</strong> Handcrafted in Jaipur, Rajasthan, India</li> </ul>",ShivShankara Clothing,Apparel & Accessories > Clothing,Kurtis & Kurtas,"Jaipur Hand Block Print, Cotton Slub, Geometric Print, Office Wear / Casual, Kurtis & Kurtas, New In, ShivShankara",TRUE,Size,M,,,,,SD794_KB-M,400,shopify,20,deny,manual,799,2999,TRUE,TRUE,,https://kjmjeoaipojzyrxshvzo.supabase.co/storage/v1/object/public/product-images/SD794_KB/SD794_KB_1.jpg,1,Tuscan Sun Rust Geometric Kurti Set - View 1,FALSE,Tuscan Sun Rust Geometric Kurti Set | ShivShankara Clothing,"Warm rust orange kurti set highlighting modern geometric prints. A versatile outfit for work, college, or casual outings. Cotton slub fabric offers excellent shape retention.",active
tuscan-sun-rust-geometric-kurti-set-sd794_kb,,,,,,,,Size,L,,,,,SD794_KB-L,400,shopify,20,deny,manual,799,2999,TRUE,TRUE,,https://kjmjeoaipojzyrxshvzo.supabase.co/storage/v1/object/public/product-images/SD794_KB/SD794_KB_2.jpg,2,Tuscan Sun Rust Geometric Kurti Set - View 2,,,,
tuscan-sun-rust-geometric-kurti-set-sd794_kb,,,,,,,,Size,XL,,,,,SD794_KB-XL,400,shopify,20,deny,manual,799,2999,TRUE,TRUE,,https://kjmjeoaipojzyrxshvzo.supabase.co/storage/v1/object/public/product-images/SD794_KB/SD794_KB_3.jpg,3,Tuscan Sun Rust Geometric Kurti Set - View 3,,,,
tuscan-sun-rust-geometric-kurti-set-sd794_kb,,,,,,,,Size,XXL,,,,,SD794_KB-XXL,400,shopify,20,deny,manual,799,2999,TRUE,TRUE,,https://kjmjeoaipojzyrxshvzo.supabase.co/storage/v1/object/public/product-images/SD794_KB/SD794_KB_4.jpg,4,Tuscan Sun Rust Geometric Kurti Set - View 4,,,,
tuscan-sun-rust-geometric-kurti-set-sd794_kb,,,,,,,,,,,,,,,400,shopify,,deny,manual,,,TRUE,TRUE,,https://kjmjeoaipojzyrxshvzo.supabase.co/storage/v1/object/public/product-images/SD794_KB/SD794_KB_5.jpg,5,Tuscan Sun Rust Geometric Kurti Set - View 5,,,,
tuscan-sun-rust-geometric-kurti-set-sd794_kb,,,,,,,,,,,,,,,400,shopify,,deny,manual,,,TRUE,TRUE,,https://kjmjeoaipojzyrxshvzo.supabase.co/storage/v1/object/public/product-images/SD794_KB/SD794_KB_6.jpg,6,Tuscan Sun Rust Geometric Kurti Set - View 6,,,,
jaipur-indigo-hand-block-kurti-set-sd789_kb,Jaipur Indigo Hand-Block Kurti Set,"<p>Handcrafted by Jaipur artisans, this classic indigo kurti set showcases traditional Dabu block prints. Pairs with chevron-patterned trousers. Made from 100% organic cotton.</p> <ul> <li><strong>Fabric / Material:</strong> 100% Organic Cotton</li> <li><strong>Artisan Craft:</strong> Indigo Dabu Print</li> <li><strong>Occasion:</strong> Semi-Formal / Casual</li> <li><strong>Care Instructions:</strong> Gentle hand wash separately in cold water with mild liquid detergent. Line dry in shade.</li> <li><strong>Provenance:</strong> Handcrafted in Jaipur, Rajasthan, India</li> </ul>",ShivShankara Clothing,Apparel & Accessories > Clothing,Kurtis & Kurtas,"Jaipur Hand Block Print, 100% Organic Cotton, Indigo Dabu Print, Semi-Formal / Casual, Kurtis & Kurtas, New In, ShivShankara",TRUE,Size,M,,,,,SD789_KB-M,400,shopify,20,deny,manual,799,2999,TRUE,TRUE,,https://kjmjeoaipojzyrxshvzo.supabase.co/storage/v1/object/public/product-images/SD789_KB/SD789_KB_1.jpg,1,Jaipur Indigo Hand-Block Kurti Set - View 1,FALSE,Jaipur Indigo Hand-Block Kurti Set | ShivShankara Clothing,"Handcrafted by Jaipur artisans, this classic indigo kurti set showcases traditional Dabu block prints. Pairs with chevron-patterned trousers. Made from 100% organic cotton.",active
jaipur-indigo-hand-block-kurti-set-sd789_kb,,,,,,,,Size,L,,,,,SD789_KB-L,400,shopify,20,deny,manual,799,2999,TRUE,TRUE,,https://kjmjeoaipojzyrxshvzo.supabase.co/storage/v1/object/public/product-images/SD789_KB/SD789_KB_2.jpg,2,Jaipur Indigo Hand-Block Kurti Set - View 2,,,,
jaipur-indigo-hand-block-kurti-set-sd789_kb,,,,,,,,Size,XL,,,,,SD789_KB-XL,400,shopify,20,deny,manual,799,2999,TRUE,TRUE,,https://kjmjeoaipojzyrxshvzo.supabase.co/storage/v1/object/public/product-images/SD789_KB/SD789_KB_3.jpg,3,Jaipur Indigo Hand-Block Kurti Set - View 3,,,,
jaipur-indigo-hand-block-kurti-set-sd789_kb,,,,,,,,Size,XXL,,,,,SD789_KB-XXL,400,shopify,20,deny,manual,799,2999,TRUE,TRUE,,https://kjmjeoaipojzyrxshvzo.supabase.co/storage/v1/object/public/product-images/SD789_KB/SD789_KB_4.jpg,4,Jaipur Indigo Hand-Block Kurti Set - View 4,,,,
jaipur-indigo-hand-block-kurti-set-sd789_kb,,,,,,,,,,,,,,,400,shopify,,deny,manual,,,TRUE,TRUE,,https://kjmjeoaipojzyrxshvzo.supabase.co/storage/v1/object/public/product-images/SD789_KB/SD789_KB_5.jpg,5,Jaipur Indigo Hand-Block Kurti Set - View 5,,,,
jaipur-indigo-hand-block-kurti-set-sd789_kb,,,,,,,,,,,,,,,400,shopify,,deny,manual,,,TRUE,TRUE,,https://kjmjeoaipojzyrxshvzo.supabase.co/storage/v1/object/public/product-images/SD789_KB/SD789_KB_6.jpg,6,Jaipur Indigo Hand-Block Kurti Set - View 6,,,,
jaipur-indigo-hand-block-kurti-set-sd789_kb,,,,,,,,,,,,,,,400,shopify,,deny,manual,,,TRUE,TRUE,,https://kjmjeoaipojzyrxshvzo.supabase.co/storage/v1/object/public/product-images/SD789_KB/SD789_KB_7.jpg,7,Jaipur Indigo Hand-Block Kurti Set - View 7,,,,
jaipur-indigo-hand-block-kurti-set-sd789_kb,,,,,,,,,,,,,,,400,shopify,,deny,manual,,,TRUE,TRUE,,https://kjmjeoaipojzyrxshvzo.supabase.co/storage/v1/object/public/product-images/SD789_KB/SD789_KB_8.jpg,8,Jaipur Indigo Hand-Block Kurti Set - View 8,,,,
jaipur-indigo-hand-block-kurti-set-sd789_kb,,,,,,,,,,,,,,,400,shopify,,deny,manual,,,TRUE,TRUE,,https://kjmjeoaipojzyrxshvzo.supabase.co/storage/v1/object/public/product-images/SD789_KB/SD789_KB_9.jpg,9,Jaipur Indigo Hand-Block Kurti Set - View 9,,,,
sunlit-mustard-zari-kurti-set-sd1035_kb,Sunlit Mustard Zari Kurti Set,"<p>A vibrant mustard straight kurti set with intricate zari border details. Soft to the touch, this premium rayon outfit flows elegantly and fits beautifully for all your evening gatherings.</p> <ul> <li><strong>Fabric / Material:</strong> Premium Rayon Lurex</li> <li><strong>Artisan Craft:</strong> Solid with Zari Border</li> <li><strong>Occasion:</strong> Festive / Evening Wear</li> <li><strong>Care Instructions:</strong> Gentle hand wash separately in cold water with mild liquid detergent. Line dry in shade.</li> <li><strong>Provenance:</strong> Handcrafted in Jaipur, Rajasthan, India</li> </ul>",ShivShankara Clothing,Apparel & Accessories > Clothing,Kurtis & Kurtas,"Jaipur Hand Block Print, Premium Rayon Lurex, Solid with Zari Border, Festive / Evening Wear, Kurtis & Kurtas, New In, ShivShankara",TRUE,Size,M,,,,,SD1035_KB-M,400,shopify,20,deny,manual,799,2999,TRUE,TRUE,,https://kjmjeoaipojzyrxshvzo.supabase.co/storage/v1/object/public/product-images/SD1035_KB/SD1035_KB_1.jpg,1,Sunlit Mustard Zari Kurti Set - View 1,FALSE,Sunlit Mustard Zari Kurti Set | ShivShankara Clothing,"A vibrant mustard straight kurti set with intricate zari border details. Soft to the touch, this premium rayon outfit flows elegantly and fits beautifully for all your evening gatherings.",active
sunlit-mustard-zari-kurti-set-sd1035_kb,,,,,,,,Size,L,,,,,SD1035_KB-L,400,shopify,20,deny,manual,799,2999,TRUE,TRUE,,,,,,,,
sunlit-mustard-zari-kurti-set-sd1035_kb,,,,,,,,Size,XL,,,,,SD1035_KB-XL,400,shopify,20,deny,manual,799,2999,TRUE,TRUE,,,,,,,,
sunlit-mustard-zari-kurti-set-sd1035_kb,,,,,,,,Size,XXL,,,,,SD1035_KB-XXL,400,shopify,20,deny,manual,799,2999,TRUE,TRUE,,,,,,,,
meadow-sage-floral-a-line-kurti-set-sd1025_kb,Meadow Sage Floral A-Line Kurti Set,"<p>A beautiful flared A-line kurti set in sage green with white floral bootis. Complete with comfortable wide-leg pants. Crafted from soft cotton slub for maximum day-long comfort.</p> <ul> <li><strong>Fabric / Material:</strong> Soft Cotton Slub</li> <li><strong>Artisan Craft:</strong> Floral Booti</li> <li><strong>Occasion:</strong> Daytime Festive / Brunch</li> <li><strong>Care Instructions:</strong> Gentle hand wash separately in cold water with mild liquid detergent. Line dry in shade.</li> <li><strong>Provenance:</strong> Handcrafted in Jaipur, Rajasthan, India</li> </ul>",ShivShankara Clothing,Apparel & Accessories > Clothing,Kurtis & Kurtas,"Jaipur Hand Block Print, Soft Cotton Slub, Floral Booti, Daytime Festive / Brunch, Kurtis & Kurtas, New In, ShivShankara",TRUE,Size,M,,,,,SD1025_KB-M,400,shopify,20,deny,manual,799,2999,TRUE,TRUE,,https://kjmjeoaipojzyrxshvzo.supabase.co/storage/v1/object/public/product-images/SD1025_KB/SD1025_KB_1.jpg,1,Meadow Sage Floral A-Line Kurti Set - View 1,FALSE,Meadow Sage Floral A-Line Kurti Set | ShivShankara Clothing,A beautiful flared A-line kurti set in sage green with white floral bootis. Complete with comfortable wide-leg pants. Crafted from soft cotton slub for maximum day-long comfort.,active
meadow-sage-floral-a-line-kurti-set-sd1025_kb,,,,,,,,Size,L,,,,,SD1025_KB-L,400,shopify,20,deny,manual,799,2999,TRUE,TRUE,,https://kjmjeoaipojzyrxshvzo.supabase.co/storage/v1/object/public/product-images/SD1025_KB/SD1025_KB_2.jpg,2,Meadow Sage Floral A-Line Kurti Set - View 2,,,,
meadow-sage-floral-a-line-kurti-set-sd1025_kb,,,,,,,,Size,XL,,,,,SD1025_KB-XL,400,shopify,20,deny,manual,799,2999,TRUE,TRUE,,https://kjmjeoaipojzyrxshvzo.supabase.co/storage/v1/object/public/product-images/SD1025_KB/SD1025_KB_3.jpg,3,Meadow Sage Floral A-Line Kurti Set - View 3,,,,
meadow-sage-floral-a-line-kurti-set-sd1025_kb,,,,,,,,Size,XXL,,,,,SD1025_KB-XXL,400,shopify,20,deny,manual,799,2999,TRUE,TRUE,,https://kjmjeoaipojzyrxshvzo.supabase.co/storage/v1/object/public/product-images/SD1025_KB/SD1025_KB_4.jpg,4,Meadow Sage Floral A-Line Kurti Set - View 4,,,,
meadow-sage-floral-a-line-kurti-set-sd1025_kb,,,,,,,,,,,,,,,400,shopify,,deny,manual,,,TRUE,TRUE,,https://kjmjeoaipojzyrxshvzo.supabase.co/storage/v1/object/public/product-images/SD1025_KB/SD1025_KB_5.jpg,5,Meadow Sage Floral A-Line Kurti Set - View 5,,,,
meadow-sage-floral-a-line-kurti-set-sd1025_kb,,,,,,,,,,,,,,,400,shopify,,deny,manual,,,TRUE,TRUE,,https://kjmjeoaipojzyrxshvzo.supabase.co/storage/v1/object/public/product-images/SD1025_KB/SD1025_KB_6.jpg,6,Meadow Sage Floral A-Line Kurti Set - View 6,,,,
whispering-lilac-floral-kurti-set-sd1022_kb,Whispering Lilac Floral Kurti Set,"<p>A charming lilac-colored straight kurti set featuring delicate hand-block floral prints and contrasting borders. Comes with printed cotton trousers. Breezy and breathable for daily wear.</p> <ul> <li><strong>Fabric / Material:</strong> 100% Premium Cambric Cotton</li> <li><strong>Artisan Craft:</strong> Floral Block Print</li> <li><strong>Occasion:</strong> Casual Chic / Daily Wear</li> <li><strong>Care Instructions:</strong> Gentle hand wash separately in cold water with mild liquid detergent. Line dry in shade.</li> <li><strong>Provenance:</strong> Handcrafted in Jaipur, Rajasthan, India</li> </ul>",ShivShankara Clothing,Apparel & Accessories > Clothing,Kurtis & Kurtas,"Jaipur Hand Block Print, 100% Premium Cambric Cotton, Floral Block Print, Casual Chic / Daily Wear, Kurtis & Kurtas, New In, ShivShankara",TRUE,Size,M,,,,,SD1022_KB-M,400,shopify,20,deny,manual,799,2999,TRUE,TRUE,,https://kjmjeoaipojzyrxshvzo.supabase.co/storage/v1/object/public/product-images/SD1022_KB/SD1022_KB_1.jpg,1,Whispering Lilac Floral Kurti Set - View 1,FALSE,Whispering Lilac Floral Kurti Set | ShivShankara Clothing,A charming lilac-colored straight kurti set featuring delicate hand-block floral prints and contrasting borders. Comes with printed cotton trousers. Breezy and breathable for daily wear.,active
whispering-lilac-floral-kurti-set-sd1022_kb,,,,,,,,Size,L,,,,,SD1022_KB-L,400,shopify,20,deny,manual,799,2999,TRUE,TRUE,,https://kjmjeoaipojzyrxshvzo.supabase.co/storage/v1/object/public/product-images/SD1022_KB/SD1022_KB_2.jpg,2,Whispering Lilac Floral Kurti Set - View 2,,,,
whispering-lilac-floral-kurti-set-sd1022_kb,,,,,,,,Size,XL,,,,,SD1022_KB-XL,400,shopify,20,deny,manual,799,2999,TRUE,TRUE,,https://kjmjeoaipojzyrxshvzo.supabase.co/storage/v1/object/public/product-images/SD1022_KB/SD1022_KB_3.jpg,3,Whispering Lilac Floral Kurti Set - View 3,,,,
whispering-lilac-floral-kurti-set-sd1022_kb,,,,,,,,Size,XXL,,,,,SD1022_KB-XXL,400,shopify,20,deny,manual,799,2999,TRUE,TRUE,,https://kjmjeoaipojzyrxshvzo.supabase.co/storage/v1/object/public/product-images/SD1022_KB/SD1022_KB_4.jpg,4,Whispering Lilac Floral Kurti Set - View 4,,,,
whispering-lilac-floral-kurti-set-sd1022_kb,,,,,,,,,,,,,,,400,shopify,,deny,manual,,,TRUE,TRUE,,https://kjmjeoaipojzyrxshvzo.supabase.co/storage/v1/object/public/product-images/SD1022_KB/SD1022_KB_5.jpg,5,Whispering Lilac Floral Kurti Set - View 5,,,,
royal-peacock-blue-silk-kurti-set-sd1019_kb,Royal Peacock Blue Silk Kurti Set,"<p>A luxurious peacock blue straight-fit kurti set in rich cotton silk fabric, adorned with elegant golden embroidery. Includes matching straight pants. Elegant, lightweight and perfect for celebrations.</p> <ul> <li><strong>Fabric / Material:</strong> Cotton Silk Blend</li> <li><strong>Artisan Craft:</strong> Solid with Embroidered Yoke</li> <li><strong>Occasion:</strong> Festive Wear</li> <li><strong>Care Instructions:</strong> Gentle hand wash separately in cold water with mild liquid detergent. Line dry in shade.</li> <li><strong>Provenance:</strong> Handcrafted in Jaipur, Rajasthan, India</li> </ul>",ShivShankara Clothing,Apparel & Accessories > Clothing,Kurtis & Kurtas,"Jaipur Hand Block Print, Cotton Silk Blend, Solid with Embroidered Yoke, Festive Wear, Kurtis & Kurtas, New In, ShivShankara",TRUE,Size,M,,,,,SD1019_KB-M,400,shopify,20,deny,manual,799,2999,TRUE,TRUE,,https://kjmjeoaipojzyrxshvzo.supabase.co/storage/v1/object/public/product-images/SD1019_KB/SD1019_KB_1.jpg,1,Royal Peacock Blue Silk Kurti Set - View 1,FALSE,Royal Peacock Blue Silk Kurti Set | ShivShankara Clothing,"A luxurious peacock blue straight-fit kurti set in rich cotton silk fabric, adorned with elegant golden embroidery. Includes matching straight pants. Elegant, lightweight and perfect for celebrations.",active
royal-peacock-blue-silk-kurti-set-sd1019_kb,,,,,,,,Size,L,,,,,SD1019_KB-L,400,shopify,20,deny,manual,799,2999,TRUE,TRUE,,https://kjmjeoaipojzyrxshvzo.supabase.co/storage/v1/object/public/product-images/SD1019_KB/SD1019_KB_2.jpg,2,Royal Peacock Blue Silk Kurti Set - View 2,,,,
royal-peacock-blue-silk-kurti-set-sd1019_kb,,,,,,,,Size,XL,,,,,SD1019_KB-XL,400,shopify,20,deny,manual,799,2999,TRUE,TRUE,,https://kjmjeoaipojzyrxshvzo.supabase.co/storage/v1/object/public/product-images/SD1019_KB/SD1019_KB_3.jpg,3,Royal Peacock Blue Silk Kurti Set - View 3,,,,
royal-peacock-blue-silk-kurti-set-sd1019_kb,,,,,,,,Size,XXL,,,,,SD1019_KB-XXL,400,shopify,20,deny,manual,799,2999,TRUE,TRUE,,https://kjmjeoaipojzyrxshvzo.supabase.co/storage/v1/object/public/product-images/SD1019_KB/SD1019_KB_4.jpg,4,Royal Peacock Blue Silk Kurti Set - View 4,,,,
royal-peacock-blue-silk-kurti-set-sd1019_kb,,,,,,,,,,,,,,,400,shopify,,deny,manual,,,TRUE,TRUE,,https://kjmjeoaipojzyrxshvzo.supabase.co/storage/v1/object/public/product-images/SD1019_KB/SD1019_KB_5.jpg,5,Royal Peacock Blue Silk Kurti Set - View 5,,,,
onyx-scallop-hem-beach-co-ord-set-sd0026,Onyx Scallop Hem Beach Co-ord Set,"<p>A black cotton V-neck top with red contrast floral vine embroidery on the chest and matching scalloped hem shorts.</p> <ul> <li><strong>Fabric / Material:</strong> 100% Soft Cotton</li> <li><strong>Artisan Craft:</strong> Scallop Hem with Vine Embroidery</li> <li><strong>Occasion:</strong> Beach / Resort</li> <li><strong>Care Instructions:</strong> Gentle hand wash separately in cold water with mild liquid detergent. Line dry in shade.</li> <li><strong>Provenance:</strong> Handcrafted in Jaipur, Rajasthan, India</li> </ul>",ShivShankara Clothing,Apparel & Accessories > Clothing,Co-ord Sets,"Jaipur Hand Block Print, 100% Soft Cotton, Scallop Hem with Vine Embroidery, Beach / Resort, Co-ord Sets, New In, ShivShankara",TRUE,Size,S,,,,,SD0026-S,400,shopify,16,deny,manual,799,3399,TRUE,TRUE,,https://shivshankara-storefront.vercel.app/products/new/SD0026.jpeg,1,Onyx Scallop Hem Beach Co-ord Set - View 1,FALSE,Onyx Scallop Hem Beach Co-ord Set | ShivShankara Clothing,A black cotton V-neck top with red contrast floral vine embroidery on the chest and matching scalloped hem shorts.,active
onyx-scallop-hem-beach-co-ord-set-sd0026,,,,,,,,Size,M,,,,,SD0026-M,400,shopify,21,deny,manual,799,3399,TRUE,TRUE,,,,,,,,
onyx-scallop-hem-beach-co-ord-set-sd0026,,,,,,,,Size,L,,,,,SD0026-L,400,shopify,12,deny,manual,799,3399,TRUE,TRUE,,,,,,,,
onyx-scallop-hem-beach-co-ord-set-sd0026,,,,,,,,Size,XL,,,,,SD0026-XL,400,shopify,34,deny,manual,799,3399,TRUE,TRUE,,,,,,,,
lilac-scallop-hem-beach-co-ord-set-sd0025,Lilac Scallop Hem Beach Co-ord Set,"<p>A beautiful V-neck cotton top and matching shorts in a fresh lilac colorway, both featuring scalloped borders and intricate floral chest embroidery.</p> <ul> <li><strong>Fabric / Material:</strong> 100% Soft Cotton</li> <li><strong>Artisan Craft:</strong> Scallop Hem with Chest Embroidery</li> <li><strong>Occasion:</strong> Beach / Resort</li> <li><strong>Care Instructions:</strong> Gentle hand wash separately in cold water with mild liquid detergent. Line dry in shade.</li> <li><strong>Provenance:</strong> Handcrafted in Jaipur, Rajasthan, India</li> </ul>",ShivShankara Clothing,Apparel & Accessories > Clothing,Co-ord Sets,"Jaipur Hand Block Print, 100% Soft Cotton, Scallop Hem with Chest Embroidery, Beach / Resort, Co-ord Sets, New In, ShivShankara",TRUE,Size,S,,,,,SD0025-S,400,shopify,27,deny,manual,799,3199,TRUE,TRUE,,https://shivshankara-storefront.vercel.app/products/new/SD0025.jpeg,1,Lilac Scallop Hem Beach Co-ord Set - View 1,FALSE,Lilac Scallop Hem Beach Co-ord Set | ShivShankara Clothing,"A beautiful V-neck cotton top and matching shorts in a fresh lilac colorway, both featuring scalloped borders and intricate floral chest embroidery.",active
lilac-scallop-hem-beach-co-ord-set-sd0025,,,,,,,,Size,M,,,,,SD0025-M,400,shopify,31,deny,manual,799,3199,TRUE,TRUE,,,,,,,,
lilac-scallop-hem-beach-co-ord-set-sd0025,,,,,,,,Size,L,,,,,SD0025-L,400,shopify,29,deny,manual,799,3199,TRUE,TRUE,,,,,,,,
lilac-scallop-hem-beach-co-ord-set-sd0025,,,,,,,,Size,XL,,,,,SD0025-XL,400,shopify,20,deny,manual,799,3199,TRUE,TRUE,,,,,,,,
white-scallop-hem-beach-co-ord-set-sd0024,White Scallop Hem Beach Co-ord Set,"<p>A white cotton V-neck beach shirt with blue floral yoke embroidery and matching navy blue scalloped hem shorts.</p> <ul> <li><strong>Fabric / Material:</strong> 100% Soft Cotton</li> <li><strong>Artisan Craft:</strong> Scallop Hem with Yoke Embroidery</li> <li><strong>Occasion:</strong> Beach / Resort</li> <li><strong>Care Instructions:</strong> Gentle hand wash separately in cold water with mild liquid detergent. Line dry in shade.</li> <li><strong>Provenance:</strong> Handcrafted in Jaipur, Rajasthan, India</li> </ul>",ShivShankara Clothing,Apparel & Accessories > Clothing,Co-ord Sets,"Jaipur Hand Block Print, 100% Soft Cotton, Scallop Hem with Yoke Embroidery, Beach / Resort, Co-ord Sets, New In, ShivShankara",TRUE,Size,S,,,,,SD0024-S,400,shopify,11,deny,manual,799,3299,TRUE,TRUE,,https://shivshankara-storefront.vercel.app/products/new/SD0024.jpeg,1,White Scallop Hem Beach Co-ord Set - View 1,FALSE,White Scallop Hem Beach Co-ord Set | ShivShankara Clothing,A white cotton V-neck beach shirt with blue floral yoke embroidery and matching navy blue scalloped hem shorts.,active
white-scallop-hem-beach-co-ord-set-sd0024,,,,,,,,Size,M,,,,,SD0024-M,400,shopify,13,deny,manual,799,3299,TRUE,TRUE,,,,,,,,
white-scallop-hem-beach-co-ord-set-sd0024,,,,,,,,Size,L,,,,,SD0024-L,400,shopify,28,deny,manual,799,3299,TRUE,TRUE,,,,,,,,
white-scallop-hem-beach-co-ord-set-sd0024,,,,,,,,Size,XL,,,,,SD0024-XL,400,shopify,11,deny,manual,799,3299,TRUE,TRUE,,,,,,,,
amber-safari-trouser-co-ord-set-sd0023,Amber Safari Trouser Co-ord Set,"<p>A resort co-ord set in amber rust rayon crepe featuring an allover printed tropical palm and animal safari pattern. Trousers and shirt included.</p> <ul> <li><strong>Fabric / Material:</strong> Rayon Crepe</li> <li><strong>Artisan Craft:</strong> Safari Print Allover</li> <li><strong>Occasion:</strong> Holiday / Party Wear</li> <li><strong>Care Instructions:</strong> Gentle hand wash separately in cold water with mild liquid detergent. Line dry in shade.</li> <li><strong>Provenance:</strong> Handcrafted in Jaipur, Rajasthan, India</li> </ul>",ShivShankara Clothing,Apparel & Accessories > Clothing,Co-ord Sets,"Jaipur Hand Block Print, Rayon Crepe, Safari Print Allover, Holiday / Party Wear, Co-ord Sets, New In, ShivShankara",TRUE,Size,S,,,,,SD0023-S,400,shopify,22,deny,manual,799,4299,TRUE,TRUE,,https://shivshankara-storefront.vercel.app/products/new/SD0023.jpeg,1,Amber Safari Trouser Co-ord Set - View 1,FALSE,Amber Safari Trouser Co-ord Set | ShivShankara Clothing,A resort co-ord set in amber rust rayon crepe featuring an allover printed tropical palm and animal safari pattern. Trousers and shirt included.,active
amber-safari-trouser-co-ord-set-sd0023,,,,,,,,Size,M,,,,,SD0023-M,400,shopify,31,deny,manual,799,4299,TRUE,TRUE,,,,,,,,
amber-safari-trouser-co-ord-set-sd0023,,,,,,,,Size,L,,,,,SD0023-L,400,shopify,28,deny,manual,799,4299,TRUE,TRUE,,,,,,,,
amber-safari-trouser-co-ord-set-sd0023,,,,,,,,Size,XL,,,,,SD0023-XL,400,shopify,29,deny,manual,799,4299,TRUE,TRUE,,,,,,,,
crimson-folk-art-embroidered-linen-shirt-sd0022,Crimson Folk Art Embroidered Linen Shirt,"<p>A crimson red Belgian linen overshirt featuring vertical cross-stitch tapestry embroideries and detailed stitching on cuffs.</p> <ul> <li><strong>Fabric / Material:</strong> 100% Belgian Linen</li> <li><strong>Artisan Craft:</strong> Cross-Stitch Tapestry</li> <li><strong>Occasion:</strong> Dinner / Evening</li> <li><strong>Care Instructions:</strong> Gentle hand wash separately in cold water with mild liquid detergent. Line dry in shade.</li> <li><strong>Provenance:</strong> Handcrafted in Jaipur, Rajasthan, India</li> </ul>",ShivShankara Clothing,Apparel & Accessories > Clothing,Kurtis & Kurtas,"Jaipur Hand Block Print, 100% Belgian Linen, Cross-Stitch Tapestry, Dinner / Evening, Kurtis & Kurtas, New In, ShivShankara",TRUE,Size,S,,,,,SD0022-S,400,shopify,22,deny,manual,799,3699,TRUE,TRUE,,https://shivshankara-storefront.vercel.app/products/new/SD0022.jpeg,1,Crimson Folk Art Embroidered Linen Shirt - View 1,FALSE,Crimson Folk Art Embroidered Linen Shirt | ShivShankara Clothing,A crimson red Belgian linen overshirt featuring vertical cross-stitch tapestry embroideries and detailed stitching on cuffs.,active
crimson-folk-art-embroidered-linen-shirt-sd0022,,,,,,,,Size,M,,,,,SD0022-M,400,shopify,27,deny,manual,799,3699,TRUE,TRUE,,,,,,,,
crimson-folk-art-embroidered-linen-shirt-sd0022,,,,,,,,Size,L,,,,,SD0022-L,400,shopify,18,deny,manual,799,3699,TRUE,TRUE,,,,,,,,
crimson-folk-art-embroidered-linen-shirt-sd0022,,,,,,,,Size,XL,,,,,SD0022-XL,400,shopify,28,deny,manual,799,3699,TRUE,TRUE,,,,,,,,
chocolate-folk-art-embroidered-linen-shirt-sd0021,Chocolate Folk Art Embroidered Linen Shirt,"<p>Elevated chocolate brown linen shirt with multi-color tapestry thread embroidery on the vertical front panels. Rich, warm, and sophisticated.</p> <ul> <li><strong>Fabric / Material:</strong> 100% Belgian Linen</li> <li><strong>Artisan Craft:</strong> Vertical Tapestry Embroidery</li> <li><strong>Occasion:</strong> Smart Casual / Dinner</li> <li><strong>Care Instructions:</strong> Gentle hand wash separately in cold water with mild liquid detergent. Line dry in shade.</li> <li><strong>Provenance:</strong> Handcrafted in Jaipur, Rajasthan, India</li> </ul>",ShivShankara Clothing,Apparel & Accessories > Clothing,Kurtis & Kurtas,"Jaipur Hand Block Print, 100% Belgian Linen, Vertical Tapestry Embroidery, Smart Casual / Dinner, Kurtis & Kurtas, New In, ShivShankara",TRUE,Size,S,,,,,SD0021-S,400,shopify,30,deny,manual,799,3599,TRUE,TRUE,,https://shivshankara-storefront.vercel.app/products/new/SD0021.jpeg,1,Chocolate Folk Art Embroidered Linen Shirt - View 1,FALSE,Chocolate Folk Art Embroidered Linen Shirt | ShivShankara Clothing,"Elevated chocolate brown linen shirt with multi-color tapestry thread embroidery on the vertical front panels. Rich, warm, and sophisticated.",active
chocolate-folk-art-embroidered-linen-shirt-sd0021,,,,,,,,Size,M,,,,,SD0021-M,400,shopify,28,deny,manual,799,3599,TRUE,TRUE,,,,,,,,
chocolate-folk-art-embroidered-linen-shirt-sd0021,,,,,,,,Size,L,,,,,SD0021-L,400,shopify,24,deny,manual,799,3599,TRUE,TRUE,,,,,,,,
chocolate-folk-art-embroidered-linen-shirt-sd0021,,,,,,,,Size,XL,,,,,SD0021-XL,400,shopify,25,deny,manual,799,3599,TRUE,TRUE,,,,,,,,
navy-folk-art-embroidered-linen-shirt-sd0020,Navy Folk Art Embroidered Linen Shirt,"<p>A classic navy blue Belgian linen overshirt decorated with vertical running-stitch tapestry motifs, styled with high contrast white sleeve cuffs.</p> <ul> <li><strong>Fabric / Material:</strong> 100% Belgian Linen</li> <li><strong>Artisan Craft:</strong> Running-Stitch Tapestry</li> <li><strong>Occasion:</strong> Smart Casual / Dinner</li> <li><strong>Care Instructions:</strong> Gentle hand wash separately in cold water with mild liquid detergent. Line dry in shade.</li> <li><strong>Provenance:</strong> Handcrafted in Jaipur, Rajasthan, India</li> </ul>",ShivShankara Clothing,Apparel & Accessories > Clothing,Kurtis & Kurtas,"Jaipur Hand Block Print, 100% Belgian Linen, Running-Stitch Tapestry, Smart Casual / Dinner, Kurtis & Kurtas, New In, ShivShankara",TRUE,Size,S,,,,,SD0020-S,400,shopify,14,deny,manual,799,3599,TRUE,TRUE,,https://shivshankara-storefront.vercel.app/products/new/SD0020.jpeg,1,Navy Folk Art Embroidered Linen Shirt - View 1,FALSE,Navy Folk Art Embroidered Linen Shirt | ShivShankara Clothing,"A classic navy blue Belgian linen overshirt decorated with vertical running-stitch tapestry motifs, styled with high contrast white sleeve cuffs.",active
navy-folk-art-embroidered-linen-shirt-sd0020,,,,,,,,Size,M,,,,,SD0020-M,400,shopify,15,deny,manual,799,3599,TRUE,TRUE,,,,,,,,
navy-folk-art-embroidered-linen-shirt-sd0020,,,,,,,,Size,L,,,,,SD0020-L,400,shopify,26,deny,manual,799,3599,TRUE,TRUE,,,,,,,,
navy-folk-art-embroidered-linen-shirt-sd0020,,,,,,,,Size,XL,,,,,SD0020-XL,400,shopify,25,deny,manual,799,3599,TRUE,TRUE,,,,,,,,
palm-tree-hand-embroidered-shirt-sd0019,Palm Tree Hand-Embroidered Shirt,"<p>A lightweight summer white linen overshirt featuring bold indigo-blue palm tree and cheetah outlines embroidered asymmetric details.</p> <ul> <li><strong>Fabric / Material:</strong> 100% Belgian Linen</li> <li><strong>Artisan Craft:</strong> Palm Tree Thread Embroidery</li> <li><strong>Occasion:</strong> Resort / Brunch</li> <li><strong>Care Instructions:</strong> Gentle hand wash separately in cold water with mild liquid detergent. Line dry in shade.</li> <li><strong>Provenance:</strong> Handcrafted in Jaipur, Rajasthan, India</li> </ul>",ShivShankara Clothing,Apparel & Accessories > Clothing,Kurtis & Kurtas,"Jaipur Hand Block Print, 100% Belgian Linen, Palm Tree Thread Embroidery, Resort / Brunch, Kurtis & Kurtas, New In, ShivShankara",TRUE,Size,S,,,,,SD0019-S,400,shopify,33,deny,manual,799,3299,TRUE,TRUE,,https://shivshankara-storefront.vercel.app/products/new/SD0019.jpeg,1,Palm Tree Hand-Embroidered Shirt - View 1,FALSE,Palm Tree Hand-Embroidered Shirt | ShivShankara Clothing,A lightweight summer white linen overshirt featuring bold indigo-blue palm tree and cheetah outlines embroidered asymmetric details.,active
palm-tree-hand-embroidered-shirt-sd0019,,,,,,,,Size,M,,,,,SD0019-M,400,shopify,16,deny,manual,799,3299,TRUE,TRUE,,,,,,,,
palm-tree-hand-embroidered-shirt-sd0019,,,,,,,,Size,L,,,,,SD0019-L,400,shopify,21,deny,manual,799,3299,TRUE,TRUE,,,,,,,,
palm-tree-hand-embroidered-shirt-sd0019,,,,,,,,Size,XL,,,,,SD0019-XL,400,shopify,32,deny,manual,799,3299,TRUE,TRUE,,,,,,,,
cacao-linen-shorts-co-ord-set-sd0018,Cacao Linen Shorts Co-ord Set,"<p>Chocolate brown linen shorts set with hand-stitched vertical geometric embroidery and relaxed elastic waist shorts. Breathable and cool.</p> <ul> <li><strong>Fabric / Material:</strong> 100% Pure Linen</li> <li><strong>Artisan Craft:</strong> Geometric Hand Embroidery</li> <li><strong>Occasion:</strong> Resort / Summer Wear</li> <li><strong>Care Instructions:</strong> Gentle hand wash separately in cold water with mild liquid detergent. Line dry in shade.</li> <li><strong>Provenance:</strong> Handcrafted in Jaipur, Rajasthan, India</li> </ul>",ShivShankara Clothing,Apparel & Accessories > Clothing,Co-ord Sets,"Jaipur Hand Block Print, 100% Pure Linen, Geometric Hand Embroidery, Resort / Summer Wear, Co-ord Sets, New In, ShivShankara",TRUE,Size,S,,,,,SD0018-S,400,shopify,27,deny,manual,799,3499,TRUE,TRUE,,https://shivshankara-storefront.vercel.app/products/new/SD0018.jpeg,1,Cacao Linen Shorts Co-ord Set - View 1,FALSE,Cacao Linen Shorts Co-ord Set | ShivShankara Clothing,Chocolate brown linen shorts set with hand-stitched vertical geometric embroidery and relaxed elastic waist shorts. Breathable and cool.,active
cacao-linen-shorts-co-ord-set-sd0018,,,,,,,,Size,M,,,,,SD0018-M,400,shopify,20,deny,manual,799,3499,TRUE,TRUE,,,,,,,,
cacao-linen-shorts-co-ord-set-sd0018,,,,,,,,Size,L,,,,,SD0018-L,400,shopify,12,deny,manual,799,3499,TRUE,TRUE,,,,,,,,
cacao-linen-shorts-co-ord-set-sd0018,,,,,,,,Size,XL,,,,,SD0018-XL,400,shopify,22,deny,manual,799,3499,TRUE,TRUE,,,,,,,,
lavender-tropical-shorts-co-ord-set-sd0017,Lavender Tropical Shorts Co-ord Set,"<p>A resort-ready shorts co-ord set in breathable lavender rayon crepe, featuring a boxy top with abstract chest embroidery and matching shorts.</p> <ul> <li><strong>Fabric / Material:</strong> Rayon Crepe</li> <li><strong>Artisan Craft:</strong> Chest Mandala Embroidery</li> <li><strong>Occasion:</strong> Resort / Beach</li> <li><strong>Care Instructions:</strong> Gentle hand wash separately in cold water with mild liquid detergent. Line dry in shade.</li> <li><strong>Provenance:</strong> Handcrafted in Jaipur, Rajasthan, India</li> </ul>",ShivShankara Clothing,Apparel & Accessories > Clothing,Co-ord Sets,"Jaipur Hand Block Print, Rayon Crepe, Chest Mandala Embroidery, Resort / Beach, Co-ord Sets, New In, ShivShankara",TRUE,Size,S,,,,,SD0017-S,400,shopify,27,deny,manual,799,3299,TRUE,TRUE,,https://shivshankara-storefront.vercel.app/products/new/SD0017.jpeg,1,Lavender Tropical Shorts Co-ord Set - View 1,FALSE,Lavender Tropical Shorts Co-ord Set | ShivShankara Clothing,"A resort-ready shorts co-ord set in breathable lavender rayon crepe, featuring a boxy top with abstract chest embroidery and matching shorts.",active
lavender-tropical-shorts-co-ord-set-sd0017,,,,,,,,Size,M,,,,,SD0017-M,400,shopify,15,deny,manual,799,3299,TRUE,TRUE,,,,,,,,
lavender-tropical-shorts-co-ord-set-sd0017,,,,,,,,Size,L,,,,,SD0017-L,400,shopify,24,deny,manual,799,3299,TRUE,TRUE,,,,,,,,
lavender-tropical-shorts-co-ord-set-sd0017,,,,,,,,Size,XL,,,,,SD0017-XL,400,shopify,21,deny,manual,799,3299,TRUE,TRUE,,,,,,,,
fuchsia-linen-trouser-co-ord-set-sd0016,Fuchsia Linen Trouser Co-ord Set,"<p>A statement fuchsia pink co-ord set in pure Belgian linen, featuring a relaxed-fit tunic top with micro-stitch accents and matching trousers.</p> <ul> <li><strong>Fabric / Material:</strong> 100% Pure Linen</li> <li><strong>Artisan Craft:</strong> Solid with Detail Stitching</li> <li><strong>Occasion:</strong> Holiday / Smart Casual</li> <li><strong>Care Instructions:</strong> Gentle hand wash separately in cold water with mild liquid detergent. Line dry in shade.</li> <li><strong>Provenance:</strong> Handcrafted in Jaipur, Rajasthan, India</li> </ul>",ShivShankara Clothing,Apparel & Accessories > Clothing,Co-ord Sets,"Jaipur Hand Block Print, 100% Pure Linen, Solid with Detail Stitching, Holiday / Smart Casual, Co-ord Sets, New In, ShivShankara",TRUE,Size,S,,,,,SD0016-S,400,shopify,14,deny,manual,799,3999,TRUE,TRUE,,https://shivshankara-storefront.vercel.app/products/new/SD0016.jpeg,1,Fuchsia Linen Trouser Co-ord Set - View 1,FALSE,Fuchsia Linen Trouser Co-ord Set | ShivShankara Clothing,"A statement fuchsia pink co-ord set in pure Belgian linen, featuring a relaxed-fit tunic top with micro-stitch accents and matching trousers.",active
fuchsia-linen-trouser-co-ord-set-sd0016,,,,,,,,Size,M,,,,,SD0016-M,400,shopify,29,deny,manual,799,3999,TRUE,TRUE,,,,,,,,
fuchsia-linen-trouser-co-ord-set-sd0016,,,,,,,,Size,L,,,,,SD0016-L,400,shopify,20,deny,manual,799,3999,TRUE,TRUE,,,,,,,,
fuchsia-linen-trouser-co-ord-set-sd0016,,,,,,,,Size,XL,,,,,SD0016-XL,400,shopify,18,deny,manual,799,3999,TRUE,TRUE,,,,,,,,
sage-geometric-polka-shirt-dress-sd0015,Sage Geometric Polka Shirt Dress,"<p>A beautiful gathered shirt dress in sage green. Showcases a retro polka pattern with a modern structured silhouette and functional side pockets.</p> <ul> <li><strong>Fabric / Material:</strong> Premium Cotton Poplin</li> <li><strong>Artisan Craft:</strong> Geometric Polka Print</li> <li><strong>Occasion:</strong> Brunch / Holiday</li> <li><strong>Care Instructions:</strong> Gentle hand wash separately in cold water with mild liquid detergent. Line dry in shade.</li> <li><strong>Provenance:</strong> Handcrafted in Jaipur, Rajasthan, India</li> </ul>",ShivShankara Clothing,Apparel & Accessories > Clothing,Dresses,"Jaipur Hand Block Print, Premium Cotton Poplin, Geometric Polka Print, Brunch / Holiday, Dresses, New In, ShivShankara",TRUE,Size,S,,,,,SD0015-S,400,shopify,26,deny,manual,799,3699,TRUE,TRUE,,https://shivshankara-storefront.vercel.app/products/new/SD0015.jpeg,1,Sage Geometric Polka Shirt Dress - View 1,FALSE,Sage Geometric Polka Shirt Dress | ShivShankara Clothing,A beautiful gathered shirt dress in sage green. Showcases a retro polka pattern with a modern structured silhouette and functional side pockets.,active
sage-geometric-polka-shirt-dress-sd0015,,,,,,,,Size,M,,,,,SD0015-M,400,shopify,15,deny,manual,799,3699,TRUE,TRUE,,,,,,,,
sage-geometric-polka-shirt-dress-sd0015,,,,,,,,Size,L,,,,,SD0015-L,400,shopify,27,deny,manual,799,3699,TRUE,TRUE,,,,,,,,
sage-geometric-polka-shirt-dress-sd0015,,,,,,,,Size,XL,,,,,SD0015-XL,400,shopify,19,deny,manual,799,3699,TRUE,TRUE,,,,,,,,
mauve-polka-dot-swing-collar-dress-sd0014,Mauve Polka Dot Swing Collar Dress,"<p>Playful swing dress in a retro two-tone mauve and cream polka dot print, featuring a structured collar, gathered waistline, and flared flowy skirt.</p> <ul> <li><strong>Fabric / Material:</strong> Premium Cotton Poplin</li> <li><strong>Artisan Craft:</strong> Two-Tone Polka Dot</li> <li><strong>Occasion:</strong> Brunch / Summer Wear</li> <li><strong>Care Instructions:</strong> Gentle hand wash separately in cold water with mild liquid detergent. Line dry in shade.</li> <li><strong>Provenance:</strong> Handcrafted in Jaipur, Rajasthan, India</li> </ul>",ShivShankara Clothing,Apparel & Accessories > Clothing,Dresses,"Jaipur Hand Block Print, Premium Cotton Poplin, Two-Tone Polka Dot, Brunch / Summer Wear, Dresses, New In, ShivShankara",TRUE,Size,S,,,,,SD0014-S,400,shopify,16,deny,manual,799,3499,TRUE,TRUE,,https://shivshankara-storefront.vercel.app/products/new/SD0014.jpeg,1,Mauve Polka Dot Swing Collar Dress - View 1,FALSE,Mauve Polka Dot Swing Collar Dress | ShivShankara Clothing,"Playful swing dress in a retro two-tone mauve and cream polka dot print, featuring a structured collar, gathered waistline, and flared flowy skirt.",active
mauve-polka-dot-swing-collar-dress-sd0014,,,,,,,,Size,M,,,,,SD0014-M,400,shopify,26,deny,manual,799,3499,TRUE,TRUE,,,,,,,,
mauve-polka-dot-swing-collar-dress-sd0014,,,,,,,,Size,L,,,,,SD0014-L,400,shopify,14,deny,manual,799,3499,TRUE,TRUE,,,,,,,,
mauve-polka-dot-swing-collar-dress-sd0014,,,,,,,,Size,XL,,,,,SD0014-XL,400,shopify,24,deny,manual,799,3499,TRUE,TRUE,,,,,,,,
emerald-folk-embroidered-poplin-shirt-sd0013,Emerald Folk Embroidered Poplin Shirt,"<p>A striking emerald green shirt in premium poplin featuring symmetric white running-stitch vertical embroidery and contrast ivory cuffs.</p> <ul> <li><strong>Fabric / Material:</strong> Premium Cotton Poplin</li> <li><strong>Artisan Craft:</strong> Running-Stitch Folk Embroidery</li> <li><strong>Occasion:</strong> Smart Casual / Work</li> <li><strong>Care Instructions:</strong> Gentle hand wash separately in cold water with mild liquid detergent. Line dry in shade.</li> <li><strong>Provenance:</strong> Handcrafted in Jaipur, Rajasthan, India</li> </ul>",ShivShankara Clothing,Apparel & Accessories > Clothing,Kurtis & Kurtas,"Jaipur Hand Block Print, Premium Cotton Poplin, Running-Stitch Folk Embroidery, Smart Casual / Work, Kurtis & Kurtas, New In, ShivShankara",TRUE,Size,S,,,,,SD0013-S,400,shopify,11,deny,manual,799,3299,TRUE,TRUE,,https://shivshankara-storefront.vercel.app/products/new/SD0013.jpeg,1,Emerald Folk Embroidered Poplin Shirt - View 1,FALSE,Emerald Folk Embroidered Poplin Shirt | ShivShankara Clothing,A striking emerald green shirt in premium poplin featuring symmetric white running-stitch vertical embroidery and contrast ivory cuffs.,active
emerald-folk-embroidered-poplin-shirt-sd0013,,,,,,,,Size,M,,,,,SD0013-M,400,shopify,28,deny,manual,799,3299,TRUE,TRUE,,,,,,,,
emerald-folk-embroidered-poplin-shirt-sd0013,,,,,,,,Size,L,,,,,SD0013-L,400,shopify,25,deny,manual,799,3299,TRUE,TRUE,,,,,,,,
emerald-folk-embroidered-poplin-shirt-sd0013,,,,,,,,Size,XL,,,,,SD0013-XL,400,shopify,27,deny,manual,799,3299,TRUE,TRUE,,,,,,,,
coral-blossom-patchwork-shirt-sd0012,Coral Blossom Patchwork Shirt,"<p>Sweet coral pink structured poplin shirt featuring block-printed vertical blossom panels and clean white contrast cuffs for an elegant look.</p> <ul> <li><strong>Fabric / Material:</strong> 100% Cotton Poplin</li> <li><strong>Artisan Craft:</strong> Coral Blossom Block Print</li> <li><strong>Occasion:</strong> Brunch / Holiday</li> <li><strong>Care Instructions:</strong> Gentle hand wash separately in cold water with mild liquid detergent. Line dry in shade.</li> <li><strong>Provenance:</strong> Handcrafted in Jaipur, Rajasthan, India</li> </ul>",ShivShankara Clothing,Apparel & Accessories > Clothing,Kurtis & Kurtas,"Jaipur Hand Block Print, 100% Cotton Poplin, Coral Blossom Block Print, Brunch / Holiday, Kurtis & Kurtas, New In, ShivShankara",TRUE,Size,S,,,,,SD0012-S,400,shopify,22,deny,manual,799,2999,TRUE,TRUE,,https://shivshankara-storefront.vercel.app/products/new/SD0012.jpeg,1,Coral Blossom Patchwork Shirt - View 1,FALSE,Coral Blossom Patchwork Shirt | ShivShankara Clothing,Sweet coral pink structured poplin shirt featuring block-printed vertical blossom panels and clean white contrast cuffs for an elegant look.,active
coral-blossom-patchwork-shirt-sd0012,,,,,,,,Size,M,,,,,SD0012-M,400,shopify,10,deny,manual,799,2999,TRUE,TRUE,,,,,,,,
coral-blossom-patchwork-shirt-sd0012,,,,,,,,Size,L,,,,,SD0012-L,400,shopify,17,deny,manual,799,2999,TRUE,TRUE,,,,,,,,
coral-blossom-patchwork-shirt-sd0012,,,,,,,,Size,XL,,,,,SD0012-XL,400,shopify,20,deny,manual,799,2999,TRUE,TRUE,,,,,,,,
ochre-leaf-patchwork-shirt-sd0011,Ochre Leaf Patchwork Shirt,"<p>A bright ochre yellow button-down shirt accented with vertical leaf pattern panel block prints and micro-embroidered leaf details on the collar.</p> <ul> <li><strong>Fabric / Material:</strong> 100% Cotton Poplin</li> <li><strong>Artisan Craft:</strong> Ochre Leaf Block Print</li> <li><strong>Occasion:</strong> Brunch / Holiday</li> <li><strong>Care Instructions:</strong> Gentle hand wash separately in cold water with mild liquid detergent. Line dry in shade.</li> <li><strong>Provenance:</strong> Handcrafted in Jaipur, Rajasthan, India</li> </ul>",ShivShankara Clothing,Apparel & Accessories > Clothing,Kurtis & Kurtas,"Jaipur Hand Block Print, 100% Cotton Poplin, Ochre Leaf Block Print, Brunch / Holiday, Kurtis & Kurtas, New In, ShivShankara",TRUE,Size,S,,,,,SD0011-S,400,shopify,12,deny,manual,799,2899,TRUE,TRUE,,https://shivshankara-storefront.vercel.app/products/new/SD0011.jpeg,1,Ochre Leaf Patchwork Shirt - View 1,FALSE,Ochre Leaf Patchwork Shirt | ShivShankara Clothing,A bright ochre yellow button-down shirt accented with vertical leaf pattern panel block prints and micro-embroidered leaf details on the collar.,active
ochre-leaf-patchwork-shirt-sd0011,,,,,,,,Size,M,,,,,SD0011-M,400,shopify,23,deny,manual,799,2899,TRUE,TRUE,,,,,,,,
ochre-leaf-patchwork-shirt-sd0011,,,,,,,,Size,L,,,,,SD0011-L,400,shopify,19,deny,manual,799,2899,TRUE,TRUE,,,,,,,,
ochre-leaf-patchwork-shirt-sd0011,,,,,,,,Size,XL,,,,,SD0011-XL,400,shopify,22,deny,manual,799,2899,TRUE,TRUE,,,,,,,,
charcoal-geometric-patchwork-shirt-sd0010,Charcoal Geometric Patchwork Shirt,"<p>Oversized charcoal grey structured shirt featuring hand-block printed geometric inserts. Easily paired with denim or white trousers for a contemporary minimal look.</p> <ul> <li><strong>Fabric / Material:</strong> 100% Cotton Poplin</li> <li><strong>Artisan Craft:</strong> Geometric Block Patchwork</li> <li><strong>Occasion:</strong> Casual / Everyday</li> <li><strong>Care Instructions:</strong> Gentle hand wash separately in cold water with mild liquid detergent. Line dry in shade.</li> <li><strong>Provenance:</strong> Handcrafted in Jaipur, Rajasthan, India</li> </ul>",ShivShankara Clothing,Apparel & Accessories > Clothing,Kurtis & Kurtas,"Jaipur Hand Block Print, 100% Cotton Poplin, Geometric Block Patchwork, Casual / Everyday, Kurtis & Kurtas, New In, ShivShankara",TRUE,Size,S,,,,,SD0010-S,400,shopify,29,deny,manual,799,2799,TRUE,TRUE,,https://shivshankara-storefront.vercel.app/products/new/SD0010.jpeg,1,Charcoal Geometric Patchwork Shirt - View 1,FALSE,Charcoal Geometric Patchwork Shirt | ShivShankara Clothing,Oversized charcoal grey structured shirt featuring hand-block printed geometric inserts. Easily paired with denim or white trousers for a contemporary minimal look.,active
charcoal-geometric-patchwork-shirt-sd0010,,,,,,,,Size,M,,,,,SD0010-M,400,shopify,17,deny,manual,799,2799,TRUE,TRUE,,,,,,,,
charcoal-geometric-patchwork-shirt-sd0010,,,,,,,,Size,L,,,,,SD0010-L,400,shopify,18,deny,manual,799,2799,TRUE,TRUE,,,,,,,,
charcoal-geometric-patchwork-shirt-sd0010,,,,,,,,Size,XL,,,,,SD0010-XL,400,shopify,21,deny,manual,799,2799,TRUE,TRUE,,,,,,,,
scarlet-vine-patchwork-shirt-sd009,Scarlet Vine Patchwork Shirt,"<p>A vibrant scarlet red overshirt featuring block printed vertical panels with delicate vine motifs, completed with raw edge detailing and ivory buttons.</p> <ul> <li><strong>Fabric / Material:</strong> 100% Cotton Poplin</li> <li><strong>Artisan Craft:</strong> Scarlet Vine Print Panel</li> <li><strong>Occasion:</strong> Casual / Travel</li> <li><strong>Care Instructions:</strong> Gentle hand wash separately in cold water with mild liquid detergent. Line dry in shade.</li> <li><strong>Provenance:</strong> Handcrafted in Jaipur, Rajasthan, India</li> </ul>",ShivShankara Clothing,Apparel & Accessories > Clothing,Kurtis & Kurtas,"Jaipur Hand Block Print, 100% Cotton Poplin, Scarlet Vine Print Panel, Casual / Travel, Kurtis & Kurtas, New In, ShivShankara",TRUE,Size,S,,,,,SD009-S,400,shopify,10,deny,manual,799,2999,TRUE,TRUE,,https://shivshankara-storefront.vercel.app/products/new/SD009.jpeg,1,Scarlet Vine Patchwork Shirt - View 1,FALSE,Scarlet Vine Patchwork Shirt | ShivShankara Clothing,"A vibrant scarlet red overshirt featuring block printed vertical panels with delicate vine motifs, completed with raw edge detailing and ivory buttons.",active
scarlet-vine-patchwork-shirt-sd009,,,,,,,,Size,M,,,,,SD009-M,400,shopify,19,deny,manual,799,2999,TRUE,TRUE,,,,,,,,
scarlet-vine-patchwork-shirt-sd009,,,,,,,,Size,L,,,,,SD009-L,400,shopify,10,deny,manual,799,2999,TRUE,TRUE,,,,,,,,
scarlet-vine-patchwork-shirt-sd009,,,,,,,,Size,XL,,,,,SD009-XL,400,shopify,29,deny,manual,799,2999,TRUE,TRUE,,,,,,,,
sage-abstract-patchwork-shirt-sd008,Sage Abstract Patchwork Shirt,"<p>Relaxed-fit cotton poplin shirt in a calming sage green colorway, styled with unique vertical abstract print panels and geometric patchwork blocks.</p> <ul> <li><strong>Fabric / Material:</strong> 100% Cotton Poplin</li> <li><strong>Artisan Craft:</strong> Abstract Geometric Patchwork</li> <li><strong>Occasion:</strong> Brunch / Casual</li> <li><strong>Care Instructions:</strong> Gentle hand wash separately in cold water with mild liquid detergent. Line dry in shade.</li> <li><strong>Provenance:</strong> Handcrafted in Jaipur, Rajasthan, India</li> </ul>",ShivShankara Clothing,Apparel & Accessories > Clothing,Kurtis & Kurtas,"Jaipur Hand Block Print, 100% Cotton Poplin, Abstract Geometric Patchwork, Brunch / Casual, Kurtis & Kurtas, New In, ShivShankara",TRUE,Size,S,,,,,SD008-S,400,shopify,27,deny,manual,799,2699,TRUE,TRUE,,https://shivshankara-storefront.vercel.app/products/new/SD008.jpeg,1,Sage Abstract Patchwork Shirt - View 1,FALSE,Sage Abstract Patchwork Shirt | ShivShankara Clothing,"Relaxed-fit cotton poplin shirt in a calming sage green colorway, styled with unique vertical abstract print panels and geometric patchwork blocks.",active
sage-abstract-patchwork-shirt-sd008,,,,,,,,Size,M,,,,,SD008-M,400,shopify,21,deny,manual,799,2699,TRUE,TRUE,,,,,,,,
sage-abstract-patchwork-shirt-sd008,,,,,,,,Size,L,,,,,SD008-L,400,shopify,30,deny,manual,799,2699,TRUE,TRUE,,,,,,,,
sage-abstract-patchwork-shirt-sd008,,,,,,,,Size,XL,,,,,SD008-XL,400,shopify,24,deny,manual,799,2699,TRUE,TRUE,,,,,,,,
indigo-floral-patchwork-shirt-sd007,Indigo Floral Patchwork Shirt,"<p>A fashion-forward oversized women's button-down shirt in rich indigo blue, blending two contrasting cotton fabrics with printed panels and sequin floral patches.</p> <ul> <li><strong>Fabric / Material:</strong> 100% Cotton Poplin</li> <li><strong>Artisan Craft:</strong> Patchwork Floral Block</li> <li><strong>Occasion:</strong> Casual / Brunch</li> <li><strong>Care Instructions:</strong> Gentle hand wash separately in cold water with mild liquid detergent. Line dry in shade.</li> <li><strong>Provenance:</strong> Handcrafted in Jaipur, Rajasthan, India</li> </ul>",ShivShankara Clothing,Apparel & Accessories > Clothing,Kurtis & Kurtas,"Jaipur Hand Block Print, 100% Cotton Poplin, Patchwork Floral Block, Casual / Brunch, Kurtis & Kurtas, New In, ShivShankara",TRUE,Size,S,,,,,SD007-S,400,shopify,28,deny,manual,799,2899,TRUE,TRUE,,https://shivshankara-storefront.vercel.app/products/new/SD007.jpeg,1,Indigo Floral Patchwork Shirt - View 1,FALSE,Indigo Floral Patchwork Shirt | ShivShankara Clothing,"A fashion-forward oversized women's button-down shirt in rich indigo blue, blending two contrasting cotton fabrics with printed panels and sequin floral patches.",active
indigo-floral-patchwork-shirt-sd007,,,,,,,,Size,M,,,,,SD007-M,400,shopify,18,deny,manual,799,2899,TRUE,TRUE,,,,,,,,
indigo-floral-patchwork-shirt-sd007,,,,,,,,Size,L,,,,,SD007-L,400,shopify,33,deny,manual,799,2899,TRUE,TRUE,,,,,,,,
indigo-floral-patchwork-shirt-sd007,,,,,,,,Size,XL,,,,,SD007-XL,400,shopify,27,deny,manual,799,2899,TRUE,TRUE,,,,,,,,
onyx-pearl-dot-embroidery-set-sd006,Onyx Pearl Dot Embroidery Set,"<p>Sleek black 3-piece kurti set adorned with delicate pearl-dot embroidery in a scattered floral pattern. Complete with a V-neck notch and straight pants for a sophisticated evening look.</p> <ul> <li><strong>Fabric / Material:</strong> Viscose Cotton Blend</li> <li><strong>Artisan Craft:</strong> Pearl Dot Scatter Embroidery</li> <li><strong>Occasion:</strong> Evening Wear</li> <li><strong>Care Instructions:</strong> Gentle hand wash separately in cold water with mild liquid detergent. Line dry in shade.</li> <li><strong>Provenance:</strong> Handcrafted in Jaipur, Rajasthan, India</li> </ul>",ShivShankara Clothing,Apparel & Accessories > Clothing,Ethnic Sets,"Jaipur Hand Block Print, Viscose Cotton Blend, Pearl Dot Scatter Embroidery, Evening Wear, Ethnic Sets, New In, ShivShankara",TRUE,Size,XS,,,,,SD006-XS,400,shopify,21,deny,manual,799,4599,TRUE,TRUE,,https://shivshankara-storefront.vercel.app/products/new/SD006.jpeg,1,Onyx Pearl Dot Embroidery Set - View 1,FALSE,Onyx Pearl Dot Embroidery Set | ShivShankara Clothing,Sleek black 3-piece kurti set adorned with delicate pearl-dot embroidery in a scattered floral pattern. Complete with a V-neck notch and straight pants for a sophisticated evening look.,active
onyx-pearl-dot-embroidery-set-sd006,,,,,,,,Size,S,,,,,SD006-S,400,shopify,18,deny,manual,799,4599,TRUE,TRUE,,,,,,,,
onyx-pearl-dot-embroidery-set-sd006,,,,,,,,Size,M,,,,,SD006-M,400,shopify,13,deny,manual,799,4599,TRUE,TRUE,,,,,,,,
onyx-pearl-dot-embroidery-set-sd006,,,,,,,,Size,L,,,,,SD006-L,400,shopify,21,deny,manual,799,4599,TRUE,TRUE,,,,,,,,
onyx-pearl-dot-embroidery-set-sd006,,,,,,,,Size,XL,,,,,SD006-XL,400,shopify,27,deny,manual,799,4599,TRUE,TRUE,,,,,,,,
onyx-pearl-dot-embroidery-set-sd006,,,,,,,,Size,XXL,,,,,SD006-XXL,400,shopify,30,deny,manual,799,4599,TRUE,TRUE,,,,,,,,
navy-sunflower-printed-kurti-set-sd005,Navy Sunflower Printed Kurti Set,"<p>A navy blue 3-piece set featuring a bold, vibrant sunflower print dupatta. The kurti is accented with a delicate gold bead neckline detail and paired with classic straight pants.</p> <ul> <li><strong>Fabric / Material:</strong> Cotton Silk Blend</li> <li><strong>Artisan Craft:</strong> Sunflower Digital Print</li> <li><strong>Occasion:</strong> Brunch / Festive</li> <li><strong>Care Instructions:</strong> Gentle hand wash separately in cold water with mild liquid detergent. Line dry in shade.</li> <li><strong>Provenance:</strong> Handcrafted in Jaipur, Rajasthan, India</li> </ul>",ShivShankara Clothing,Apparel & Accessories > Clothing,Ethnic Sets,"Jaipur Hand Block Print, Cotton Silk Blend, Sunflower Digital Print, Brunch / Festive, Ethnic Sets, New In, ShivShankara",TRUE,Size,XS,,,,,SD005-XS,400,shopify,15,deny,manual,799,4699,TRUE,TRUE,,https://shivshankara-storefront.vercel.app/products/new/SD005.jpeg,1,Navy Sunflower Printed Kurti Set - View 1,FALSE,Navy Sunflower Printed Kurti Set | ShivShankara Clothing,"A navy blue 3-piece set featuring a bold, vibrant sunflower print dupatta. The kurti is accented with a delicate gold bead neckline detail and paired with classic straight pants.",active
navy-sunflower-printed-kurti-set-sd005,,,,,,,,Size,S,,,,,SD005-S,400,shopify,33,deny,manual,799,4699,TRUE,TRUE,,,,,,,,
navy-sunflower-printed-kurti-set-sd005,,,,,,,,Size,M,,,,,SD005-M,400,shopify,27,deny,manual,799,4699,TRUE,TRUE,,,,,,,,
navy-sunflower-printed-kurti-set-sd005,,,,,,,,Size,L,,,,,SD005-L,400,shopify,21,deny,manual,799,4699,TRUE,TRUE,,,,,,,,
navy-sunflower-printed-kurti-set-sd005,,,,,,,,Size,XL,,,,,SD005-XL,400,shopify,33,deny,manual,799,4699,TRUE,TRUE,,,,,,,,
navy-sunflower-printed-kurti-set-sd005,,,,,,,,Size,XXL,,,,,SD005-XXL,400,shopify,24,deny,manual,799,4699,TRUE,TRUE,,,,,,,,
ivory-floral-trellis-kurti-set-sd004,Ivory Floral Trellis Kurti Set,"<p>Elegant ivory cotton straight-fit kurti set featuring Navy Blue floral thread accents, matching straight-leg pants and a beautiful printed dupatta. Lightweight and comfortable for summer wear.</p> <ul> <li><strong>Fabric / Material:</strong> 100% Pure Cotton</li> <li><strong>Artisan Craft:</strong> Floral Accent Embroidery</li> <li><strong>Occasion:</strong> Semi-Formal / Festive</li> <li><strong>Care Instructions:</strong> Gentle hand wash separately in cold water with mild liquid detergent. Line dry in shade.</li> <li><strong>Provenance:</strong> Handcrafted in Jaipur, Rajasthan, India</li> </ul>",ShivShankara Clothing,Apparel & Accessories > Clothing,Ethnic Sets,"Jaipur Hand Block Print, 100% Pure Cotton, Floral Accent Embroidery, Semi-Formal / Festive, Ethnic Sets, New In, ShivShankara",TRUE,Size,XS,,,,,SD004-XS,400,shopify,20,deny,manual,799,3999,TRUE,TRUE,,https://shivshankara-storefront.vercel.app/products/new/SD004_01.jpeg,1,Ivory Floral Trellis Kurti Set - View 1,FALSE,Ivory Floral Trellis Kurti Set | ShivShankara Clothing,"Elegant ivory cotton straight-fit kurti set featuring Navy Blue floral thread accents, matching straight-leg pants and a beautiful printed dupatta. Lightweight and comfortable for summer wear.",active
ivory-floral-trellis-kurti-set-sd004,,,,,,,,Size,S,,,,,SD004-S,400,shopify,34,deny,manual,799,3999,TRUE,TRUE,,,,,,,,
ivory-floral-trellis-kurti-set-sd004,,,,,,,,Size,M,,,,,SD004-M,400,shopify,34,deny,manual,799,3999,TRUE,TRUE,,,,,,,,
ivory-floral-trellis-kurti-set-sd004,,,,,,,,Size,L,,,,,SD004-L,400,shopify,22,deny,manual,799,3999,TRUE,TRUE,,,,,,,,
ivory-floral-trellis-kurti-set-sd004,,,,,,,,Size,XL,,,,,SD004-XL,400,shopify,34,deny,manual,799,3999,TRUE,TRUE,,,,,,,,
ivory-floral-trellis-kurti-set-sd004,,,,,,,,Size,XXL,,,,,SD004-XXL,400,shopify,17,deny,manual,799,3999,TRUE,TRUE,,,,,,,,
navy-botanical-kurti-dupatta-set-sd003,Navy Botanical Kurti Dupatta Set,"<p>Elegant 3-piece navy blue kurti set with intricate white botanical embroidery covering the yoke and front panel, paired with straight trousers and a matching printed dupatta.</p> <ul> <li><strong>Fabric / Material:</strong> 100% Cambric Cotton</li> <li><strong>Artisan Craft:</strong> Botanical Thread Embroidery</li> <li><strong>Occasion:</strong> Semi-Formal / Festive</li> <li><strong>Care Instructions:</strong> Gentle hand wash separately in cold water with mild liquid detergent. Line dry in shade.</li> <li><strong>Provenance:</strong> Handcrafted in Jaipur, Rajasthan, India</li> </ul>",ShivShankara Clothing,Apparel & Accessories > Clothing,Ethnic Sets,"Jaipur Hand Block Print, 100% Cambric Cotton, Botanical Thread Embroidery, Semi-Formal / Festive, Ethnic Sets, New In, ShivShankara",TRUE,Size,XS,,,,,SD003-XS,400,shopify,21,deny,manual,799,4299,TRUE,TRUE,,https://shivshankara-storefront.vercel.app/products/new/SD003_01.jpeg,1,Navy Botanical Kurti Dupatta Set - View 1,FALSE,Navy Botanical Kurti Dupatta Set | ShivShankara Clothing,"Elegant 3-piece navy blue kurti set with intricate white botanical embroidery covering the yoke and front panel, paired with straight trousers and a matching printed dupatta.",active
navy-botanical-kurti-dupatta-set-sd003,,,,,,,,Size,S,,,,,SD003-S,400,shopify,30,deny,manual,799,4299,TRUE,TRUE,,https://shivshankara-storefront.vercel.app/products/new/SD003_02.jpeg,2,Navy Botanical Kurti Dupatta Set - View 2,,,,
navy-botanical-kurti-dupatta-set-sd003,,,,,,,,Size,M,,,,,SD003-M,400,shopify,31,deny,manual,799,4299,TRUE,TRUE,,,,,,,,
navy-botanical-kurti-dupatta-set-sd003,,,,,,,,Size,L,,,,,SD003-L,400,shopify,18,deny,manual,799,4299,TRUE,TRUE,,,,,,,,
navy-botanical-kurti-dupatta-set-sd003,,,,,,,,Size,XL,,,,,SD003-XL,400,shopify,11,deny,manual,799,4299,TRUE,TRUE,,,,,,,,
navy-botanical-kurti-dupatta-set-sd003,,,,,,,,Size,XXL,,,,,SD003-XXL,400,shopify,28,deny,manual,799,4299,TRUE,TRUE,,,,,,,,
magenta-leheriya-chevron-kurti-set-sd002,Magenta Leheriya Chevron Kurti Set,"<p>A bold 3-piece Kurti set in vivid magenta pink with a chevron leheriya block-print dupatta. The straight kurti features delicate mirror work at the neckline, paired with matching straight pants.</p> <ul> <li><strong>Fabric / Material:</strong> Rayon Slub</li> <li><strong>Artisan Craft:</strong> Leheriya Block Print</li> <li><strong>Occasion:</strong> Casual / Festive</li> <li><strong>Care Instructions:</strong> Gentle hand wash separately in cold water with mild liquid detergent. Line dry in shade.</li> <li><strong>Provenance:</strong> Handcrafted in Jaipur, Rajasthan, India</li> </ul>",ShivShankara Clothing,Apparel & Accessories > Clothing,Ethnic Sets,"Jaipur Hand Block Print, Rayon Slub, Leheriya Block Print, Casual / Festive, Ethnic Sets, New In, ShivShankara",TRUE,Size,XS,,,,,SD002-XS,400,shopify,18,deny,manual,799,3899,TRUE,TRUE,,https://shivshankara-storefront.vercel.app/products/new/SD002_01.jpeg,1,Magenta Leheriya Chevron Kurti Set - View 1,FALSE,Magenta Leheriya Chevron Kurti Set | ShivShankara Clothing,"A bold 3-piece Kurti set in vivid magenta pink with a chevron leheriya block-print dupatta. The straight kurti features delicate mirror work at the neckline, paired with matching straight pants.",active
magenta-leheriya-chevron-kurti-set-sd002,,,,,,,,Size,S,,,,,SD002-S,400,shopify,25,deny,manual,799,3899,TRUE,TRUE,,https://shivshankara-storefront.vercel.app/products/new/SD002_02.jpeg,2,Magenta Leheriya Chevron Kurti Set - View 2,,,,
magenta-leheriya-chevron-kurti-set-sd002,,,,,,,,Size,M,,,,,SD002-M,400,shopify,33,deny,manual,799,3899,TRUE,TRUE,,,,,,,,
magenta-leheriya-chevron-kurti-set-sd002,,,,,,,,Size,L,,,,,SD002-L,400,shopify,30,deny,manual,799,3899,TRUE,TRUE,,,,,,,,
magenta-leheriya-chevron-kurti-set-sd002,,,,,,,,Size,XL,,,,,SD002-XL,400,shopify,33,deny,manual,799,3899,TRUE,TRUE,,,,,,,,
magenta-leheriya-chevron-kurti-set-sd002,,,,,,,,Size,XXL,,,,,SD002-XXL,400,shopify,32,deny,manual,799,3899,TRUE,TRUE,,,,,,,,
crimson-floral-trellis-kurti-set-sd001,Crimson Floral Trellis Kurti Set,"<p>A stunning 3-piece crimson set featuring an oversized floral trellis embroidery in ivory thread on the kurti and matching dupatta. Crafted from premium cotton with a straight-fit silhouette, V-neck, and straight trousers.</p> <ul> <li><strong>Fabric / Material:</strong> 100% Pure Cotton</li> <li><strong>Artisan Craft:</strong> Floral Trellis Embroidery</li> <li><strong>Occasion:</strong> Festive Wear</li> <li><strong>Care Instructions:</strong> Gentle hand wash separately in cold water with mild liquid detergent. Line dry in shade.</li> <li><strong>Provenance:</strong> Handcrafted in Jaipur, Rajasthan, India</li> </ul>",ShivShankara Clothing,Apparel & Accessories > Clothing,Ethnic Sets,"Jaipur Hand Block Print, 100% Pure Cotton, Floral Trellis Embroidery, Festive Wear, Ethnic Sets, New In, ShivShankara",TRUE,Size,XS,,,,,SD001-XS,400,shopify,27,deny,manual,799,4499,TRUE,TRUE,,https://shivshankara-storefront.vercel.app/products/new/SD001_01.jpeg,1,Crimson Floral Trellis Kurti Set - View 1,FALSE,Crimson Floral Trellis Kurti Set | ShivShankara Clothing,"A stunning 3-piece crimson set featuring an oversized floral trellis embroidery in ivory thread on the kurti and matching dupatta. Crafted from premium cotton with a straight-fit silhouette, V-neck, and straight trousers.",active
crimson-floral-trellis-kurti-set-sd001,,,,,,,,Size,S,,,,,SD001-S,400,shopify,26,deny,manual,799,4499,TRUE,TRUE,,https://shivshankara-storefront.vercel.app/products/new/SD001_02.jpeg,2,Crimson Floral Trellis Kurti Set - View 2,,,,
crimson-floral-trellis-kurti-set-sd001,,,,,,,,Size,M,,,,,SD001-M,400,shopify,32,deny,manual,799,4499,TRUE,TRUE,,,,,,,,
crimson-floral-trellis-kurti-set-sd001,,,,,,,,Size,L,,,,,SD001-L,400,shopify,24,deny,manual,799,4499,TRUE,TRUE,,,,,,,,
crimson-floral-trellis-kurti-set-sd001,,,,,,,,Size,XL,,,,,SD001-XL,400,shopify,26,deny,manual,799,4499,TRUE,TRUE,,,,,,,,
crimson-floral-trellis-kurti-set-sd001,,,,,,,,Size,XXL,,,,,SD001-XXL,400,shopify,16,deny,manual,799,4499,TRUE,TRUE,,,,,,,,